payload_blocks,input_bytes,input_mib,round,execution_order,method,client_completion_ms,combined_endpoint_process_cpu_ms,combined_endpoint_process_cpu_ms_per_mib,reconstructed_throughput_mib_s,encoded_stream_payload_bytes,stream_payload_multiplier,client_ttfb_ms,reconstruction_ok,congestion_control_algorithm,tls_exporter_live,tls_exporter_outputs_match
64,65536,0.0625,1,1,raw-quic-stream,10.063,9.394,150.304,6.210872,65536,1.0,6.724,True,reno,not-applicable,not-applicable
64,65536,0.0625,1,2,redulink-binary-quic-stream,9.266,9.098,145.568,6.74509,12682,5.167639,7.749,True,reno,True,True
64,65536,0.0625,2,1,redulink-binary-quic-stream,9.364,9.116,145.856,6.674498,12682,5.167639,8.134,True,reno,True,True
64,65536,0.0625,2,2,raw-quic-stream,10.013,9.332,149.312,6.241886,65536,1.0,6.44,True,reno,not-applicable,not-applicable
64,65536,0.0625,3,1,raw-quic-stream,9.769,8.98,143.68,6.397789,65536,1.0,6.422,True,reno,not-applicable,not-applicable
64,65536,0.0625,3,2,redulink-binary-quic-stream,8.713,8.507,136.112,7.173189,12682,5.167639,7.527,True,reno,True,True
64,65536,0.0625,4,1,redulink-binary-quic-stream,8.778,8.592,137.472,7.120073,12682,5.167639,7.539,True,reno,True,True
64,65536,0.0625,4,2,raw-quic-stream,9.641,8.861,141.776,6.48273,65536,1.0,6.347,True,reno,not-applicable,not-applicable
64,65536,0.0625,5,1,raw-quic-stream,9.59,8.858,141.728,6.517205,65536,1.0,6.315,True,reno,not-applicable,not-applicable
64,65536,0.0625,5,2,redulink-binary-quic-stream,8.952,8.757,140.112,6.98168,12682,5.167639,7.721,True,reno,True,True
64,65536,0.0625,6,1,redulink-binary-quic-stream,9.036,8.852,141.632,6.916777,12682,5.167639,7.693,True,reno,True,True
64,65536,0.0625,6,2,raw-quic-stream,9.675,8.932,142.912,6.459948,65536,1.0,6.349,True,reno,not-applicable,not-applicable
64,65536,0.0625,7,1,raw-quic-stream,9.632,9.02,144.32,6.488787,65536,1.0,6.335,True,reno,not-applicable,not-applicable
64,65536,0.0625,7,2,redulink-binary-quic-stream,8.755,8.552,136.832,7.138778,12682,5.167639,7.566,True,reno,True,True
64,65536,0.0625,8,1,redulink-binary-quic-stream,8.636,8.434,134.944,7.237147,12682,5.167639,7.374,True,reno,True,True
64,65536,0.0625,8,2,raw-quic-stream,9.449,8.77,140.32,6.614457,65536,1.0,6.169,True,reno,not-applicable,not-applicable
64,65536,0.0625,9,1,raw-quic-stream,9.684,8.975,143.6,6.453945,65536,1.0,6.391,True,reno,not-applicable,not-applicable
64,65536,0.0625,9,2,redulink-binary-quic-stream,8.622,8.433,134.928,7.248898,12682,5.167639,7.415,True,reno,True,True
64,65536,0.0625,10,1,redulink-binary-quic-stream,8.76,8.547,136.752,7.134703,12682,5.167639,7.445,True,reno,True,True
64,65536,0.0625,10,2,raw-quic-stream,9.914,9.052,144.832,6.304216,65536,1.0,6.556,True,reno,not-applicable,not-applicable
256,262144,0.25,1,1,raw-quic-stream,17.014,16.386,65.544,14.693782,262144,1.0,7.053,True,reno,not-applicable,not-applicable
256,262144,0.25,1,2,redulink-binary-quic-stream,14.35,14.162,56.648,17.421603,32074,8.1731,10.573,True,reno,True,True
256,262144,0.25,2,1,redulink-binary-quic-stream,14.018,13.836,55.344,17.834213,32074,8.1731,10.367,True,reno,True,True
256,262144,0.25,2,2,raw-quic-stream,15.731,15.02,60.08,15.892187,262144,1.0,6.319,True,reno,not-applicable,not-applicable
256,262144,0.25,3,1,raw-quic-stream,16.147,15.349,61.396,15.482752,262144,1.0,6.603,True,reno,not-applicable,not-applicable
256,262144,0.25,3,2,redulink-binary-quic-stream,14.136,13.965,55.86,17.685342,32074,8.1731,10.423,True,reno,True,True
256,262144,0.25,4,1,redulink-binary-quic-stream,14.479,14.281,57.124,17.266386,32074,8.1731,10.774,True,reno,True,True
256,262144,0.25,4,2,raw-quic-stream,15.813,15.146,60.584,15.809777,262144,1.0,6.352,True,reno,not-applicable,not-applicable
256,262144,0.25,5,1,raw-quic-stream,15.869,15.087,60.348,15.753986,262144,1.0,6.34,True,reno,not-applicable,not-applicable
256,262144,0.25,5,2,redulink-binary-quic-stream,13.851,13.664,54.656,18.049238,32074,8.1731,10.219,True,reno,True,True
256,262144,0.25,6,1,redulink-binary-quic-stream,14.25,14.029,56.116,17.54386,32074,8.1731,10.456,True,reno,True,True
256,262144,0.25,6,2,raw-quic-stream,15.243,14.542,58.168,16.400971,262144,1.0,6.104,True,reno,not-applicable,not-applicable
256,262144,0.25,7,1,raw-quic-stream,16.11,15.362,61.448,15.518312,262144,1.0,6.343,True,reno,not-applicable,not-applicable
256,262144,0.25,7,2,redulink-binary-quic-stream,15.843,15.655,62.62,15.77984,32074,8.1731,11.707,True,reno,True,True
256,262144,0.25,8,1,redulink-binary-quic-stream,14.368,14.181,56.724,17.399777,32074,8.1731,10.61,True,reno,True,True
256,262144,0.25,8,2,raw-quic-stream,15.755,14.967,59.868,15.867978,262144,1.0,6.508,True,reno,not-applicable,not-applicable
256,262144,0.25,9,1,raw-quic-stream,16.094,15.191,60.764,15.533739,262144,1.0,6.504,True,reno,not-applicable,not-applicable
256,262144,0.25,9,2,redulink-binary-quic-stream,15.024,14.838,59.352,16.640043,32074,8.1731,11.248,True,reno,True,True
256,262144,0.25,10,1,redulink-binary-quic-stream,14.015,13.813,55.252,17.838031,32074,8.1731,10.307,True,reno,True,True
256,262144,0.25,10,2,raw-quic-stream,15.498,14.696,58.784,16.131114,262144,1.0,6.228,True,reno,not-applicable,not-applicable
1024,1048576,1.0,1,1,raw-quic-stream,38.107,37.4,37.4,26.241898,1048576,1.0,6.413,True,reno,not-applicable,not-applicable
1024,1048576,1.0,1,2,redulink-binary-quic-stream,36.229,36.055,36.055,27.602197,109642,9.563634,22.133,True,reno,True,True
1024,1048576,1.0,2,1,redulink-binary-quic-stream,35.175,35.013,35.013,28.429282,109642,9.563634,21.663,True,reno,True,True
1024,1048576,1.0,2,2,raw-quic-stream,37.633,36.933,36.933,26.572423,1048576,1.0,6.311,True,reno,not-applicable,not-applicable
1024,1048576,1.0,3,1,raw-quic-stream,38.447,37.763,37.763,26.009832,1048576,1.0,6.535,True,reno,not-applicable,not-applicable
1024,1048576,1.0,3,2,redulink-binary-quic-stream,36.027,35.847,35.847,27.75696,109642,9.563634,22.032,True,reno,True,True
1024,1048576,1.0,4,1,redulink-binary-quic-stream,37.1,36.852,36.852,26.954178,109642,9.563634,22.628,True,reno,True,True
1024,1048576,1.0,4,2,raw-quic-stream,39.923,39.327,39.327,25.048218,1048576,1.0,6.915,True,reno,not-applicable,not-applicable
1024,1048576,1.0,5,1,raw-quic-stream,39.997,39.311,39.311,25.001875,1048576,1.0,7.273,True,reno,not-applicable,not-applicable
1024,1048576,1.0,5,2,redulink-binary-quic-stream,35.956,35.765,35.765,27.81177,109642,9.563634,22.234,True,reno,True,True
1024,1048576,1.0,6,1,redulink-binary-quic-stream,36.957,36.724,36.724,27.058473,109642,9.563634,22.574,True,reno,True,True
1024,1048576,1.0,6,2,raw-quic-stream,40.131,39.332,39.332,24.918392,1048576,1.0,6.979,True,reno,not-applicable,not-applicable
1024,1048576,1.0,7,1,raw-quic-stream,39.373,38.709,38.709,25.398115,1048576,1.0,6.524,True,reno,not-applicable,not-applicable
1024,1048576,1.0,7,2,redulink-binary-quic-stream,37.145,36.923,36.923,26.921524,109642,9.563634,22.838,True,reno,True,True
1024,1048576,1.0,8,1,redulink-binary-quic-stream,35.279,35.114,35.114,28.345475,109642,9.563634,21.669,True,reno,True,True
1024,1048576,1.0,8,2,raw-quic-stream,38.424,37.768,37.768,26.025401,1048576,1.0,6.534,True,reno,not-applicable,not-applicable
1024,1048576,1.0,9,1,raw-quic-stream,39.428,38.771,38.771,25.362686,1048576,1.0,6.413,True,reno,not-applicable,not-applicable
1024,1048576,1.0,9,2,redulink-binary-quic-stream,36.555,36.332,36.332,27.356039,109642,9.563634,22.247,True,reno,True,True
1024,1048576,1.0,10,1,redulink-binary-quic-stream,42.299,41.36,41.36,23.641221,109642,9.563634,25.555,True,reno,True,True
1024,1048576,1.0,10,2,raw-quic-stream,45.965,43.385,43.385,21.755684,1048576,1.0,7.767,True,reno,not-applicable,not-applicable
4096,4194304,4.0,1,1,raw-quic-stream,137.067,136.354,34.0885,29.182808,4194304,1.0,7.607,True,reno,not-applicable,not-applicable
4096,4194304,4.0,1,2,redulink-binary-quic-stream,121.826,121.66,30.415,32.833714,419914,9.988483,68.338,True,reno,True,True
4096,4194304,4.0,2,1,redulink-binary-quic-stream,121.453,121.257,30.31425,32.934551,419914,9.988483,68.295,True,reno,True,True
4096,4194304,4.0,2,2,raw-quic-stream,136.232,135.523,33.88075,29.361677,4194304,1.0,7.51,True,reno,not-applicable,not-applicable
4096,4194304,4.0,3,1,raw-quic-stream,137.95,137.068,34.267,28.996013,4194304,1.0,8.083,True,reno,not-applicable,not-applicable
4096,4194304,4.0,3,2,redulink-binary-quic-stream,124.301,123.992,30.998,32.17995,419914,9.988483,70.168,True,reno,True,True
4096,4194304,4.0,4,1,redulink-binary-quic-stream,132.419,130.456,32.614,30.207146,419914,9.988483,75.945,True,reno,True,True
4096,4194304,4.0,4,2,raw-quic-stream,141.755,140.562,35.1405,28.2177,4194304,1.0,7.797,True,reno,not-applicable,not-applicable
4096,4194304,4.0,5,1,raw-quic-stream,139.005,138.152,34.538,28.775943,4194304,1.0,7.733,True,reno,not-applicable,not-applicable
4096,4194304,4.0,5,2,redulink-binary-quic-stream,123.904,123.681,30.92025,32.283058,419914,9.988483,69.271,True,reno,True,True
4096,4194304,4.0,6,1,redulink-binary-quic-stream,134.841,132.097,33.02425,29.664568,419914,9.988483,76.24,True,reno,True,True
4096,4194304,4.0,6,2,raw-quic-stream,216.911,184.701,46.17525,18.440743,4194304,1.0,9.279,True,reno,not-applicable,not-applicable
4096,4194304,4.0,7,1,raw-quic-stream,208.058,191.444,47.861,19.225408,4194304,1.0,10.19,True,reno,not-applicable,not-applicable
4096,4194304,4.0,7,2,redulink-binary-quic-stream,146.862,140.308,35.077,27.236453,419914,9.988483,87.622,True,reno,True,True
4096,4194304,4.0,8,1,redulink-binary-quic-stream,126.846,126.349,31.58725,31.534301,419914,9.988483,71.073,True,reno,True,True
4096,4194304,4.0,8,2,raw-quic-stream,146.699,144.607,36.15175,27.266716,4194304,1.0,8.355,True,reno,not-applicable,not-applicable
4096,4194304,4.0,9,1,raw-quic-stream,139.177,138.159,34.53975,28.740381,4194304,1.0,7.505,True,reno,not-applicable,not-applicable
4096,4194304,4.0,9,2,redulink-binary-quic-stream,132.321,130.441,32.61025,30.229518,419914,9.988483,73.343,True,reno,True,True
4096,4194304,4.0,10,1,redulink-binary-quic-stream,129.365,128.418,32.1045,30.920264,419914,9.988483,73.626,True,reno,True,True
4096,4194304,4.0,10,2,raw-quic-stream,143.387,141.819,35.45475,27.896532,4194304,1.0,8.326,True,reno,not-applicable,not-applicable
16384,16777216,16.0,1,1,raw-quic-stream,567.437,564.036,35.25225,28.196963,16777216,1.0,12.495,True,reno,not-applicable,not-applicable
16384,16777216,16.0,1,2,redulink-binary-quic-stream,508.282,504.764,31.54775,31.478589,1661002,10.10066,269.433,True,reno,True,True
16384,16777216,16.0,2,1,redulink-binary-quic-stream,619.22,543.0,33.9375,25.838959,1661002,10.10066,377.061,True,reno,True,True
16384,16777216,16.0,2,2,raw-quic-stream,546.816,545.562,34.097625,29.2603,16777216,1.0,11.803,True,reno,not-applicable,not-applicable
16384,16777216,16.0,3,1,raw-quic-stream,537.98,537.303,33.581437,29.740883,16777216,1.0,13.49,True,reno,not-applicable,not-applicable
16384,16777216,16.0,3,2,redulink-binary-quic-stream,490.621,485.913,30.369563,32.611731,1661002,10.10066,265.328,True,reno,True,True
16384,16777216,16.0,4,1,redulink-binary-quic-stream,517.25,511.718,31.982375,30.932818,1661002,10.10066,283.326,True,reno,True,True
16384,16777216,16.0,4,2,raw-quic-stream,575.999,570.62,35.66375,27.777826,16777216,1.0,13.127,True,reno,not-applicable,not-applicable
16384,16777216,16.0,5,1,raw-quic-stream,557.104,553.267,34.579188,28.719952,16777216,1.0,12.156,True,reno,not-applicable,not-applicable
16384,16777216,16.0,5,2,redulink-binary-quic-stream,671.648,599.468,37.46675,23.822002,1661002,10.10066,306.214,True,reno,True,True
16384,16777216,16.0,6,1,redulink-binary-quic-stream,491.811,490.151,30.634438,32.532823,1661002,10.10066,265.992,True,reno,True,True
16384,16777216,16.0,6,2,raw-quic-stream,540.0,538.811,33.675688,29.62963,16777216,1.0,12.209,True,reno,not-applicable,not-applicable
16384,16777216,16.0,7,1,raw-quic-stream,535.939,535.304,33.4565,29.854144,16777216,1.0,13.299,True,reno,not-applicable,not-applicable
16384,16777216,16.0,7,2,redulink-binary-quic-stream,481.283,481.005,30.062812,33.244474,1661002,10.10066,256.518,True,reno,True,True
16384,16777216,16.0,8,1,redulink-binary-quic-stream,478.569,478.257,29.891063,33.433005,1661002,10.10066,258.569,True,reno,True,True
16384,16777216,16.0,8,2,raw-quic-stream,564.928,559.437,34.964813,28.322193,16777216,1.0,17.307,True,reno,not-applicable,not-applicable
16384,16777216,16.0,9,1,raw-quic-stream,530.824,530.181,33.136313,30.141817,16777216,1.0,12.186,True,reno,not-applicable,not-applicable
16384,16777216,16.0,9,2,redulink-binary-quic-stream,480.265,480.062,30.003875,33.314941,1661002,10.10066,258.995,True,reno,True,True
16384,16777216,16.0,10,1,redulink-binary-quic-stream,481.805,480.881,30.055062,33.208456,1661002,10.10066,259.963,True,reno,True,True
16384,16777216,16.0,10,2,raw-quic-stream,548.791,547.139,34.196188,29.154997,16777216,1.0,13.961,True,reno,not-applicable,not-applicable
32768,33554432,32.0,1,1,raw-quic-stream,1071.409,1069.452,33.420375,29.867212,33554432,1.0,17.841,True,reno,not-applicable,not-applicable
32768,33554432,32.0,1,2,redulink-binary-quic-stream,955.523,953.729,29.804031,33.489513,3315786,10.119601,512.459,True,reno,True,True
32768,33554432,32.0,2,1,redulink-binary-quic-stream,1014.498,984.45,30.764063,31.542694,3315786,10.119601,537.322,True,reno,True,True
32768,33554432,32.0,2,2,raw-quic-stream,1071.717,1066.158,33.317437,29.858629,33554432,1.0,20.506,True,reno,not-applicable,not-applicable
32768,33554432,32.0,3,1,raw-quic-stream,1055.541,1054.353,32.948531,30.316208,33554432,1.0,16.554,True,reno,not-applicable,not-applicable
32768,33554432,32.0,3,2,redulink-binary-quic-stream,955.042,954.05,29.814062,33.50638,3315786,10.119601,511.266,True,reno,True,True
32768,33554432,32.0,4,1,redulink-binary-quic-stream,969.274,961.134,30.035438,33.0144,3315786,10.119601,515.848,True,reno,True,True
32768,33554432,32.0,4,2,raw-quic-stream,1049.118,1048.22,32.756875,30.501812,33554432,1.0,16.113,True,reno,not-applicable,not-applicable
32768,33554432,32.0,5,1,raw-quic-stream,1061.519,1060.224,33.132,30.14548,33554432,1.0,16.081,True,reno,not-applicable,not-applicable
32768,33554432,32.0,5,2,redulink-binary-quic-stream,951.884,950.675,29.708594,33.617542,3315786,10.119601,513.325,True,reno,True,True
32768,33554432,32.0,6,1,redulink-binary-quic-stream,953.937,952.637,29.769906,33.545192,3315786,10.119601,509.532,True,reno,True,True
32768,33554432,32.0,6,2,raw-quic-stream,1083.265,1076.522,33.641312,29.540325,33554432,1.0,15.957,True,reno,not-applicable,not-applicable
32768,33554432,32.0,7,1,raw-quic-stream,1048.593,1047.268,32.727125,30.517083,33554432,1.0,17.582,True,reno,not-applicable,not-applicable
32768,33554432,32.0,7,2,redulink-binary-quic-stream,945.417,944.407,29.512719,33.847498,3315786,10.119601,504.735,True,reno,True,True
32768,33554432,32.0,8,1,redulink-binary-quic-stream,1025.249,985.922,30.810063,31.21193,3315786,10.119601,515.647,True,reno,True,True
32768,33554432,32.0,8,2,raw-quic-stream,1071.193,1066.828,33.338375,29.873235,33554432,1.0,16.402,True,reno,not-applicable,not-applicable
32768,33554432,32.0,9,1,raw-quic-stream,1056.254,1055.007,32.968969,30.295743,33554432,1.0,15.645,True,reno,not-applicable,not-applicable
32768,33554432,32.0,9,2,redulink-binary-quic-stream,974.896,973.02,30.406875,32.824014,3315786,10.119601,524.652,True,reno,True,True
32768,33554432,32.0,10,1,redulink-binary-quic-stream,956.875,955.808,29.869,33.442195,3315786,10.119601,513.327,True,reno,True,True
32768,33554432,32.0,10,2,raw-quic-stream,1062.423,1060.878,33.152437,30.11983,33554432,1.0,17.231,True,reno,not-applicable,not-applicable
