payload,payload_note,round,method,input_bytes,encoded_stream_payload_bytes,reconstructed_bytes,completion_ms_measured,reconstructed_rate_mbps_measured,encoded_rate_mbps_measured,reconstruction_ok,semantic_misses,repair_full_frames,emulation,rate_mbps,rtt_ms,loss_percent
demo,constructed byte-stable demo,1,raw-quic-stream,98304,98304,98304,776.429,1.012883,1.012883,True,0,0,"Linux tc/netem qdisc on loopback; local kernel path emulation, not WAN",5.0,20.0,0.0
demo,constructed byte-stable demo,1,redulink-binary-quic-stream,98304,30817,98304,1349.356,0.58282,0.182706,True,13,13,"Linux tc/netem qdisc on loopback; local kernel path emulation, not WAN",5.0,20.0,0.0
demo,constructed byte-stable demo,2,raw-quic-stream,98304,98304,98304,1009.673,0.778898,0.778898,True,0,0,"Linux tc/netem qdisc on loopback; local kernel path emulation, not WAN",5.0,20.0,0.0
demo,constructed byte-stable demo,2,redulink-binary-quic-stream,98304,30818,98304,1370.967,0.573633,0.179832,True,13,13,"Linux tc/netem qdisc on loopback; local kernel path emulation, not WAN",5.0,20.0,0.0
demo,constructed byte-stable demo,3,raw-quic-stream,98304,98304,98304,705.315,1.115008,1.115008,True,0,0,"Linux tc/netem qdisc on loopback; local kernel path emulation, not WAN",5.0,20.0,0.0
demo,constructed byte-stable demo,3,redulink-binary-quic-stream,98304,30818,98304,1325.39,0.593359,0.186016,True,13,13,"Linux tc/netem qdisc on loopback; local kernel path emulation, not WAN",5.0,20.0,0.0
demo,constructed byte-stable demo,4,raw-quic-stream,98304,98304,98304,940.062,0.836575,0.836575,True,0,0,"Linux tc/netem qdisc on loopback; local kernel path emulation, not WAN",5.0,20.0,0.0
demo,constructed byte-stable demo,4,redulink-binary-quic-stream,98304,30818,98304,1376.411,0.571364,0.179121,True,13,13,"Linux tc/netem qdisc on loopback; local kernel path emulation, not WAN",5.0,20.0,0.0
demo,constructed byte-stable demo,5,raw-quic-stream,98304,98304,98304,883.622,0.89001,0.89001,True,0,0,"Linux tc/netem qdisc on loopback; local kernel path emulation, not WAN",5.0,20.0,0.0
demo,constructed byte-stable demo,5,redulink-binary-quic-stream,98304,30818,98304,1348.037,0.583391,0.182891,True,13,13,"Linux tc/netem qdisc on loopback; local kernel path emulation, not WAN",5.0,20.0,0.0
demo,constructed byte-stable demo,6,raw-quic-stream,98304,98304,98304,693.985,1.133212,1.133212,True,0,0,"Linux tc/netem qdisc on loopback; local kernel path emulation, not WAN",5.0,20.0,0.0
demo,constructed byte-stable demo,6,redulink-binary-quic-stream,98304,30818,98304,1313.958,0.598521,0.187635,True,13,13,"Linux tc/netem qdisc on loopback; local kernel path emulation, not WAN",5.0,20.0,0.0
demo,constructed byte-stable demo,7,raw-quic-stream,98304,98304,98304,851.988,0.923055,0.923055,True,0,0,"Linux tc/netem qdisc on loopback; local kernel path emulation, not WAN",5.0,20.0,0.0
demo,constructed byte-stable demo,7,redulink-binary-quic-stream,98304,30818,98304,1345.945,0.584297,0.183175,True,13,13,"Linux tc/netem qdisc on loopback; local kernel path emulation, not WAN",5.0,20.0,0.0
demo,constructed byte-stable demo,8,raw-quic-stream,98304,98304,98304,1061.729,0.740709,0.740709,True,0,0,"Linux tc/netem qdisc on loopback; local kernel path emulation, not WAN",5.0,20.0,0.0
demo,constructed byte-stable demo,8,redulink-binary-quic-stream,98304,30818,98304,1407.27,0.558835,0.175193,True,13,13,"Linux tc/netem qdisc on loopback; local kernel path emulation, not WAN",5.0,20.0,0.0
demo,constructed byte-stable demo,9,raw-quic-stream,98304,98304,98304,701.952,1.12035,1.12035,True,0,0,"Linux tc/netem qdisc on loopback; local kernel path emulation, not WAN",5.0,20.0,0.0
demo,constructed byte-stable demo,9,redulink-binary-quic-stream,98304,30818,98304,1275.762,0.616441,0.193252,True,13,13,"Linux tc/netem qdisc on loopback; local kernel path emulation, not WAN",5.0,20.0,0.0
demo,constructed byte-stable demo,10,raw-quic-stream,98304,98304,98304,869.429,0.904538,0.904538,True,0,0,"Linux tc/netem qdisc on loopback; local kernel path emulation, not WAN",5.0,20.0,0.0
demo,constructed byte-stable demo,10,redulink-binary-quic-stream,98304,30817,98304,1352.073,0.581649,0.182339,True,13,13,"Linux tc/netem qdisc on loopback; local kernel path emulation, not WAN",5.0,20.0,0.0
demo,constructed byte-stable demo,11,raw-quic-stream,98304,98304,98304,778.291,1.01046,1.01046,True,0,0,"Linux tc/netem qdisc on loopback; local kernel path emulation, not WAN",5.0,20.0,0.0
demo,constructed byte-stable demo,11,redulink-binary-quic-stream,98304,30818,98304,1360.151,0.578195,0.181262,True,13,13,"Linux tc/netem qdisc on loopback; local kernel path emulation, not WAN",5.0,20.0,0.0
demo,constructed byte-stable demo,12,raw-quic-stream,98304,98304,98304,832.553,0.944603,0.944603,True,0,0,"Linux tc/netem qdisc on loopback; local kernel path emulation, not WAN",5.0,20.0,0.0
demo,constructed byte-stable demo,12,redulink-binary-quic-stream,98304,30818,98304,1351.131,0.582055,0.182472,True,13,13,"Linux tc/netem qdisc on loopback; local kernel path emulation, not WAN",5.0,20.0,0.0
demo,constructed byte-stable demo,13,raw-quic-stream,98304,98304,98304,861.328,0.913046,0.913046,True,0,0,"Linux tc/netem qdisc on loopback; local kernel path emulation, not WAN",5.0,20.0,0.0
demo,constructed byte-stable demo,13,redulink-binary-quic-stream,98304,30818,98304,1353.853,0.580884,0.182105,True,13,13,"Linux tc/netem qdisc on loopback; local kernel path emulation, not WAN",5.0,20.0,0.0
demo,constructed byte-stable demo,14,raw-quic-stream,98304,98304,98304,986.335,0.797327,0.797327,True,0,0,"Linux tc/netem qdisc on loopback; local kernel path emulation, not WAN",5.0,20.0,0.0
demo,constructed byte-stable demo,14,redulink-binary-quic-stream,98304,30818,98304,1369.779,0.574131,0.179988,True,13,13,"Linux tc/netem qdisc on loopback; local kernel path emulation, not WAN",5.0,20.0,0.0
demo,constructed byte-stable demo,15,raw-quic-stream,98304,98304,98304,960.078,0.819133,0.819133,True,0,0,"Linux tc/netem qdisc on loopback; local kernel path emulation, not WAN",5.0,20.0,0.0
demo,constructed byte-stable demo,15,redulink-binary-quic-stream,98304,30818,98304,1357.6,0.579281,0.181603,True,13,13,"Linux tc/netem qdisc on loopback; local kernel path emulation, not WAN",5.0,20.0,0.0
demo,constructed byte-stable demo,16,raw-quic-stream,98304,98304,98304,693.369,1.134219,1.134219,True,0,0,"Linux tc/netem qdisc on loopback; local kernel path emulation, not WAN",5.0,20.0,0.0
demo,constructed byte-stable demo,16,redulink-binary-quic-stream,98304,30818,98304,1288.907,0.610154,0.191281,True,13,13,"Linux tc/netem qdisc on loopback; local kernel path emulation, not WAN",5.0,20.0,0.0
demo,constructed byte-stable demo,17,raw-quic-stream,98304,98304,98304,987.573,0.796328,0.796328,True,0,0,"Linux tc/netem qdisc on loopback; local kernel path emulation, not WAN",5.0,20.0,0.0
demo,constructed byte-stable demo,17,redulink-binary-quic-stream,98304,30818,98304,1427.633,0.550864,0.172694,True,13,13,"Linux tc/netem qdisc on loopback; local kernel path emulation, not WAN",5.0,20.0,0.0
demo,constructed byte-stable demo,18,raw-quic-stream,98304,98304,98304,824.217,0.954156,0.954156,True,0,0,"Linux tc/netem qdisc on loopback; local kernel path emulation, not WAN",5.0,20.0,0.0
demo,constructed byte-stable demo,18,redulink-binary-quic-stream,98304,30818,98304,1372.643,0.572933,0.179613,True,13,13,"Linux tc/netem qdisc on loopback; local kernel path emulation, not WAN",5.0,20.0,0.0
demo,constructed byte-stable demo,19,raw-quic-stream,98304,98304,98304,829.756,0.947787,0.947787,True,0,0,"Linux tc/netem qdisc on loopback; local kernel path emulation, not WAN",5.0,20.0,0.0
demo,constructed byte-stable demo,19,redulink-binary-quic-stream,98304,30818,98304,1360.648,0.577983,0.181196,True,13,13,"Linux tc/netem qdisc on loopback; local kernel path emulation, not WAN",5.0,20.0,0.0
demo,constructed byte-stable demo,20,raw-quic-stream,98304,98304,98304,910.371,0.863859,0.863859,True,0,0,"Linux tc/netem qdisc on loopback; local kernel path emulation, not WAN",5.0,20.0,0.0
demo,constructed byte-stable demo,20,redulink-binary-quic-stream,98304,30818,98304,1373.501,0.572575,0.1795,True,13,13,"Linux tc/netem qdisc on loopback; local kernel path emulation, not WAN",5.0,20.0,0.0
demo,constructed byte-stable demo,1,raw-quic-stream,98304,98304,98304,322.489,2.438632,2.438632,True,0,0,"Linux tc/netem qdisc on loopback; local kernel path emulation, not WAN",20.0,20.0,0.0
demo,constructed byte-stable demo,1,redulink-binary-quic-stream,98304,30817,98304,321.122,2.449013,0.767733,True,13,13,"Linux tc/netem qdisc on loopback; local kernel path emulation, not WAN",20.0,20.0,0.0
demo,constructed byte-stable demo,2,raw-quic-stream,98304,98304,98304,310.078,2.536239,2.536239,True,0,0,"Linux tc/netem qdisc on loopback; local kernel path emulation, not WAN",20.0,20.0,0.0
demo,constructed byte-stable demo,2,redulink-binary-quic-stream,98304,30817,98304,332.23,2.367131,0.742064,True,13,13,"Linux tc/netem qdisc on loopback; local kernel path emulation, not WAN",20.0,20.0,0.0
demo,constructed byte-stable demo,3,raw-quic-stream,98304,98304,98304,324.37,2.424491,2.424491,True,0,0,"Linux tc/netem qdisc on loopback; local kernel path emulation, not WAN",20.0,20.0,0.0
demo,constructed byte-stable demo,3,redulink-binary-quic-stream,98304,30817,98304,333.427,2.358633,0.7394,True,13,13,"Linux tc/netem qdisc on loopback; local kernel path emulation, not WAN",20.0,20.0,0.0
demo,constructed byte-stable demo,4,raw-quic-stream,98304,98304,98304,315.659,2.491397,2.491397,True,0,0,"Linux tc/netem qdisc on loopback; local kernel path emulation, not WAN",20.0,20.0,0.0
demo,constructed byte-stable demo,4,redulink-binary-quic-stream,98304,30817,98304,348.606,2.255934,0.707205,True,13,13,"Linux tc/netem qdisc on loopback; local kernel path emulation, not WAN",20.0,20.0,0.0
demo,constructed byte-stable demo,5,raw-quic-stream,98304,98304,98304,331.239,2.374213,2.374213,True,0,0,"Linux tc/netem qdisc on loopback; local kernel path emulation, not WAN",20.0,20.0,0.0
demo,constructed byte-stable demo,5,redulink-binary-quic-stream,98304,30817,98304,354.972,2.215476,0.694522,True,13,13,"Linux tc/netem qdisc on loopback; local kernel path emulation, not WAN",20.0,20.0,0.0
demo,constructed byte-stable demo,6,raw-quic-stream,98304,98304,98304,339.21,2.318422,2.318422,True,0,0,"Linux tc/netem qdisc on loopback; local kernel path emulation, not WAN",20.0,20.0,0.0
demo,constructed byte-stable demo,6,redulink-binary-quic-stream,98304,30817,98304,359.55,2.187267,0.685679,True,13,13,"Linux tc/netem qdisc on loopback; local kernel path emulation, not WAN",20.0,20.0,0.0
demo,constructed byte-stable demo,7,raw-quic-stream,98304,98304,98304,311.141,2.527574,2.527574,True,0,0,"Linux tc/netem qdisc on loopback; local kernel path emulation, not WAN",20.0,20.0,0.0
demo,constructed byte-stable demo,7,redulink-binary-quic-stream,98304,30817,98304,327.794,2.399165,0.752107,True,13,13,"Linux tc/netem qdisc on loopback; local kernel path emulation, not WAN",20.0,20.0,0.0
demo,constructed byte-stable demo,8,raw-quic-stream,98304,98304,98304,324.244,2.425433,2.425433,True,0,0,"Linux tc/netem qdisc on loopback; local kernel path emulation, not WAN",20.0,20.0,0.0
demo,constructed byte-stable demo,8,redulink-binary-quic-stream,98304,30817,98304,357.7,2.19858,0.689226,True,13,13,"Linux tc/netem qdisc on loopback; local kernel path emulation, not WAN",20.0,20.0,0.0
demo,constructed byte-stable demo,9,raw-quic-stream,98304,98304,98304,331.764,2.370456,2.370456,True,0,0,"Linux tc/netem qdisc on loopback; local kernel path emulation, not WAN",20.0,20.0,0.0
demo,constructed byte-stable demo,9,redulink-binary-quic-stream,98304,30817,98304,356.476,2.206129,0.691592,True,13,13,"Linux tc/netem qdisc on loopback; local kernel path emulation, not WAN",20.0,20.0,0.0
demo,constructed byte-stable demo,10,raw-quic-stream,98304,98304,98304,330.731,2.37786,2.37786,True,0,0,"Linux tc/netem qdisc on loopback; local kernel path emulation, not WAN",20.0,20.0,0.0
demo,constructed byte-stable demo,10,redulink-binary-quic-stream,98304,30817,98304,349.688,2.248953,0.705017,True,13,13,"Linux tc/netem qdisc on loopback; local kernel path emulation, not WAN",20.0,20.0,0.0
demo,constructed byte-stable demo,11,raw-quic-stream,98304,98304,98304,333.373,2.359015,2.359015,True,0,0,"Linux tc/netem qdisc on loopback; local kernel path emulation, not WAN",20.0,20.0,0.0
demo,constructed byte-stable demo,11,redulink-binary-quic-stream,98304,30817,98304,381.924,2.059132,0.645511,True,13,13,"Linux tc/netem qdisc on loopback; local kernel path emulation, not WAN",20.0,20.0,0.0
demo,constructed byte-stable demo,12,raw-quic-stream,98304,98304,98304,329.267,2.388432,2.388432,True,0,0,"Linux tc/netem qdisc on loopback; local kernel path emulation, not WAN",20.0,20.0,0.0
demo,constructed byte-stable demo,12,redulink-binary-quic-stream,98304,30817,98304,336.727,2.335518,0.732154,True,13,13,"Linux tc/netem qdisc on loopback; local kernel path emulation, not WAN",20.0,20.0,0.0
demo,constructed byte-stable demo,13,raw-quic-stream,98304,98304,98304,325.07,2.41927,2.41927,True,0,0,"Linux tc/netem qdisc on loopback; local kernel path emulation, not WAN",20.0,20.0,0.0
demo,constructed byte-stable demo,13,redulink-binary-quic-stream,98304,30817,98304,380.462,2.067045,0.647991,True,13,13,"Linux tc/netem qdisc on loopback; local kernel path emulation, not WAN",20.0,20.0,0.0
demo,constructed byte-stable demo,14,raw-quic-stream,98304,98304,98304,328.436,2.394476,2.394476,True,0,0,"Linux tc/netem qdisc on loopback; local kernel path emulation, not WAN",20.0,20.0,0.0
demo,constructed byte-stable demo,14,redulink-binary-quic-stream,98304,30817,98304,356.812,2.204051,0.690941,True,13,13,"Linux tc/netem qdisc on loopback; local kernel path emulation, not WAN",20.0,20.0,0.0
demo,constructed byte-stable demo,15,raw-quic-stream,98304,98304,98304,325.291,2.417626,2.417626,True,0,0,"Linux tc/netem qdisc on loopback; local kernel path emulation, not WAN",20.0,20.0,0.0
demo,constructed byte-stable demo,15,redulink-binary-quic-stream,98304,30817,98304,363.591,2.162958,0.678059,True,13,13,"Linux tc/netem qdisc on loopback; local kernel path emulation, not WAN",20.0,20.0,0.0
demo,constructed byte-stable demo,16,raw-quic-stream,98304,98304,98304,338.706,2.321872,2.321872,True,0,0,"Linux tc/netem qdisc on loopback; local kernel path emulation, not WAN",20.0,20.0,0.0
demo,constructed byte-stable demo,16,redulink-binary-quic-stream,98304,30817,98304,369.055,2.130934,0.66802,True,13,13,"Linux tc/netem qdisc on loopback; local kernel path emulation, not WAN",20.0,20.0,0.0
demo,constructed byte-stable demo,17,raw-quic-stream,98304,98304,98304,319.019,2.465157,2.465157,True,0,0,"Linux tc/netem qdisc on loopback; local kernel path emulation, not WAN",20.0,20.0,0.0
demo,constructed byte-stable demo,17,redulink-binary-quic-stream,98304,30817,98304,334.833,2.348729,0.736295,True,13,13,"Linux tc/netem qdisc on loopback; local kernel path emulation, not WAN",20.0,20.0,0.0
demo,constructed byte-stable demo,18,raw-quic-stream,98304,98304,98304,316.177,2.487316,2.487316,True,0,0,"Linux tc/netem qdisc on loopback; local kernel path emulation, not WAN",20.0,20.0,0.0
demo,constructed byte-stable demo,18,redulink-binary-quic-stream,98304,30817,98304,333.768,2.356223,0.738645,True,13,13,"Linux tc/netem qdisc on loopback; local kernel path emulation, not WAN",20.0,20.0,0.0
demo,constructed byte-stable demo,19,raw-quic-stream,98304,98304,98304,333.315,2.359426,2.359426,True,0,0,"Linux tc/netem qdisc on loopback; local kernel path emulation, not WAN",20.0,20.0,0.0
demo,constructed byte-stable demo,19,redulink-binary-quic-stream,98304,30817,98304,361.888,2.173136,0.681249,True,13,13,"Linux tc/netem qdisc on loopback; local kernel path emulation, not WAN",20.0,20.0,0.0
demo,constructed byte-stable demo,20,raw-quic-stream,98304,98304,98304,338.955,2.320166,2.320166,True,0,0,"Linux tc/netem qdisc on loopback; local kernel path emulation, not WAN",20.0,20.0,0.0
demo,constructed byte-stable demo,20,redulink-binary-quic-stream,98304,30817,98304,364.153,2.15962,0.677012,True,13,13,"Linux tc/netem qdisc on loopback; local kernel path emulation, not WAN",20.0,20.0,0.0
redis,real Redis-layered public bytes,1,raw-quic-stream,524288,524288,524288,1904.849,2.201909,2.201909,True,0,0,"Linux tc/netem qdisc on loopback; local kernel path emulation, not WAN",5.0,20.0,0.0
redis,real Redis-layered public bytes,1,redulink-binary-quic-stream,524288,136756,524288,2652.122,1.58149,0.412518,True,72,72,"Linux tc/netem qdisc on loopback; local kernel path emulation, not WAN",5.0,20.0,0.0
redis,real Redis-layered public bytes,2,raw-quic-stream,524288,524288,524288,1952.103,2.148608,2.148608,True,0,0,"Linux tc/netem qdisc on loopback; local kernel path emulation, not WAN",5.0,20.0,0.0
redis,real Redis-layered public bytes,2,redulink-binary-quic-stream,524288,136756,524288,2580.342,1.625484,0.423993,True,72,72,"Linux tc/netem qdisc on loopback; local kernel path emulation, not WAN",5.0,20.0,0.0
redis,real Redis-layered public bytes,3,raw-quic-stream,524288,524288,524288,1893.913,2.214623,2.214623,True,0,0,"Linux tc/netem qdisc on loopback; local kernel path emulation, not WAN",5.0,20.0,0.0
redis,real Redis-layered public bytes,3,redulink-binary-quic-stream,524288,136756,524288,2533.381,1.655615,0.431853,True,72,72,"Linux tc/netem qdisc on loopback; local kernel path emulation, not WAN",5.0,20.0,0.0
redis,real Redis-layered public bytes,4,raw-quic-stream,524288,524288,524288,2034.449,2.061641,2.061641,True,0,0,"Linux tc/netem qdisc on loopback; local kernel path emulation, not WAN",5.0,20.0,0.0
redis,real Redis-layered public bytes,4,redulink-binary-quic-stream,524288,136755,524288,2632.407,1.593334,0.415604,True,72,72,"Linux tc/netem qdisc on loopback; local kernel path emulation, not WAN",5.0,20.0,0.0
redis,real Redis-layered public bytes,5,raw-quic-stream,524288,524288,524288,1985.848,2.112097,2.112097,True,0,0,"Linux tc/netem qdisc on loopback; local kernel path emulation, not WAN",5.0,20.0,0.0
redis,real Redis-layered public bytes,5,redulink-binary-quic-stream,524288,136756,524288,2424.034,1.730299,0.451334,True,72,72,"Linux tc/netem qdisc on loopback; local kernel path emulation, not WAN",5.0,20.0,0.0
redis,real Redis-layered public bytes,6,raw-quic-stream,524288,524288,524288,1781.793,2.353979,2.353979,True,0,0,"Linux tc/netem qdisc on loopback; local kernel path emulation, not WAN",5.0,20.0,0.0
redis,real Redis-layered public bytes,6,redulink-binary-quic-stream,524288,136756,524288,2480.06,1.691211,0.441138,True,72,72,"Linux tc/netem qdisc on loopback; local kernel path emulation, not WAN",5.0,20.0,0.0
redis,real Redis-layered public bytes,7,raw-quic-stream,524288,524288,524288,1964.119,2.135463,2.135463,True,0,0,"Linux tc/netem qdisc on loopback; local kernel path emulation, not WAN",5.0,20.0,0.0
redis,real Redis-layered public bytes,7,redulink-binary-quic-stream,524288,136756,524288,2591.716,1.61835,0.422133,True,72,72,"Linux tc/netem qdisc on loopback; local kernel path emulation, not WAN",5.0,20.0,0.0
redis,real Redis-layered public bytes,8,raw-quic-stream,524288,524288,524288,1896.073,2.2121,2.2121,True,0,0,"Linux tc/netem qdisc on loopback; local kernel path emulation, not WAN",5.0,20.0,0.0
redis,real Redis-layered public bytes,8,redulink-binary-quic-stream,524288,136755,524288,2241.255,1.871409,0.488137,True,72,72,"Linux tc/netem qdisc on loopback; local kernel path emulation, not WAN",5.0,20.0,0.0
redis,real Redis-layered public bytes,9,raw-quic-stream,524288,524288,524288,1932.509,2.170393,2.170393,True,0,0,"Linux tc/netem qdisc on loopback; local kernel path emulation, not WAN",5.0,20.0,0.0
redis,real Redis-layered public bytes,9,redulink-binary-quic-stream,524288,136756,524288,2628.194,1.595888,0.416274,True,72,72,"Linux tc/netem qdisc on loopback; local kernel path emulation, not WAN",5.0,20.0,0.0
redis,real Redis-layered public bytes,10,raw-quic-stream,524288,524288,524288,2023.628,2.072666,2.072666,True,0,0,"Linux tc/netem qdisc on loopback; local kernel path emulation, not WAN",5.0,20.0,0.0
redis,real Redis-layered public bytes,10,redulink-binary-quic-stream,524288,136756,524288,2426.444,1.728581,0.450885,True,72,72,"Linux tc/netem qdisc on loopback; local kernel path emulation, not WAN",5.0,20.0,0.0
redis,real Redis-layered public bytes,11,raw-quic-stream,524288,524288,524288,1865.028,2.248923,2.248923,True,0,0,"Linux tc/netem qdisc on loopback; local kernel path emulation, not WAN",5.0,20.0,0.0
redis,real Redis-layered public bytes,11,redulink-binary-quic-stream,524288,136756,524288,2529.371,1.65824,0.432538,True,72,72,"Linux tc/netem qdisc on loopback; local kernel path emulation, not WAN",5.0,20.0,0.0
redis,real Redis-layered public bytes,12,raw-quic-stream,524288,524288,524288,1954.038,2.14648,2.14648,True,0,0,"Linux tc/netem qdisc on loopback; local kernel path emulation, not WAN",5.0,20.0,0.0
redis,real Redis-layered public bytes,12,redulink-binary-quic-stream,524288,136756,524288,2463.556,1.702541,0.444093,True,72,72,"Linux tc/netem qdisc on loopback; local kernel path emulation, not WAN",5.0,20.0,0.0
redis,real Redis-layered public bytes,1,raw-quic-stream,524288,524288,524288,783.754,5.351557,5.351557,True,0,0,"Linux tc/netem qdisc on loopback; local kernel path emulation, not WAN",20.0,20.0,0.0
redis,real Redis-layered public bytes,1,redulink-binary-quic-stream,524288,136756,524288,1124.994,3.72829,0.972492,True,72,72,"Linux tc/netem qdisc on loopback; local kernel path emulation, not WAN",20.0,20.0,0.0
redis,real Redis-layered public bytes,2,raw-quic-stream,524288,524288,524288,768.567,5.457304,5.457304,True,0,0,"Linux tc/netem qdisc on loopback; local kernel path emulation, not WAN",20.0,20.0,0.0
redis,real Redis-layered public bytes,2,redulink-binary-quic-stream,524288,136756,524288,1066.97,3.931042,1.025378,True,72,72,"Linux tc/netem qdisc on loopback; local kernel path emulation, not WAN",20.0,20.0,0.0
redis,real Redis-layered public bytes,3,raw-quic-stream,524288,524288,524288,639.407,6.559678,6.559678,True,0,0,"Linux tc/netem qdisc on loopback; local kernel path emulation, not WAN",20.0,20.0,0.0
redis,real Redis-layered public bytes,3,redulink-binary-quic-stream,524288,136756,524288,823.853,5.091083,1.327965,True,72,72,"Linux tc/netem qdisc on loopback; local kernel path emulation, not WAN",20.0,20.0,0.0
redis,real Redis-layered public bytes,4,raw-quic-stream,524288,524288,524288,605.249,6.929882,6.929882,True,0,0,"Linux tc/netem qdisc on loopback; local kernel path emulation, not WAN",20.0,20.0,0.0
redis,real Redis-layered public bytes,4,redulink-binary-quic-stream,524288,136756,524288,710.602,5.902466,1.539607,True,72,72,"Linux tc/netem qdisc on loopback; local kernel path emulation, not WAN",20.0,20.0,0.0
redis,real Redis-layered public bytes,5,raw-quic-stream,524288,524288,524288,766.482,5.472149,5.472149,True,0,0,"Linux tc/netem qdisc on loopback; local kernel path emulation, not WAN",20.0,20.0,0.0
redis,real Redis-layered public bytes,5,redulink-binary-quic-stream,524288,136756,524288,1074.332,3.904104,1.018352,True,72,72,"Linux tc/netem qdisc on loopback; local kernel path emulation, not WAN",20.0,20.0,0.0
redis,real Redis-layered public bytes,6,raw-quic-stream,524288,524288,524288,792.907,5.289781,5.289781,True,0,0,"Linux tc/netem qdisc on loopback; local kernel path emulation, not WAN",20.0,20.0,0.0
redis,real Redis-layered public bytes,6,redulink-binary-quic-stream,524288,136756,524288,1116.939,3.755177,0.979506,True,72,72,"Linux tc/netem qdisc on loopback; local kernel path emulation, not WAN",20.0,20.0,0.0
redis,real Redis-layered public bytes,7,raw-quic-stream,524288,524288,524288,770.081,5.446575,5.446575,True,0,0,"Linux tc/netem qdisc on loopback; local kernel path emulation, not WAN",20.0,20.0,0.0
redis,real Redis-layered public bytes,7,redulink-binary-quic-stream,524288,136756,524288,1106.316,3.791235,0.988911,True,72,72,"Linux tc/netem qdisc on loopback; local kernel path emulation, not WAN",20.0,20.0,0.0
redis,real Redis-layered public bytes,8,raw-quic-stream,524288,524288,524288,777.333,5.395762,5.395762,True,0,0,"Linux tc/netem qdisc on loopback; local kernel path emulation, not WAN",20.0,20.0,0.0
redis,real Redis-layered public bytes,8,redulink-binary-quic-stream,524288,136756,524288,1121.306,3.740553,0.975691,True,72,72,"Linux tc/netem qdisc on loopback; local kernel path emulation, not WAN",20.0,20.0,0.0
redis,real Redis-layered public bytes,9,raw-quic-stream,524288,524288,524288,786.134,5.335355,5.335355,True,0,0,"Linux tc/netem qdisc on loopback; local kernel path emulation, not WAN",20.0,20.0,0.0
redis,real Redis-layered public bytes,9,redulink-binary-quic-stream,524288,136756,524288,1124.687,3.729308,0.972758,True,72,72,"Linux tc/netem qdisc on loopback; local kernel path emulation, not WAN",20.0,20.0,0.0
redis,real Redis-layered public bytes,10,raw-quic-stream,524288,524288,524288,704.628,5.952508,5.952508,True,0,0,"Linux tc/netem qdisc on loopback; local kernel path emulation, not WAN",20.0,20.0,0.0
redis,real Redis-layered public bytes,10,redulink-binary-quic-stream,524288,136756,524288,887.878,4.723964,1.232205,True,72,72,"Linux tc/netem qdisc on loopback; local kernel path emulation, not WAN",20.0,20.0,0.0
redis,real Redis-layered public bytes,11,raw-quic-stream,524288,524288,524288,773.5,5.4225,5.4225,True,0,0,"Linux tc/netem qdisc on loopback; local kernel path emulation, not WAN",20.0,20.0,0.0
redis,real Redis-layered public bytes,11,redulink-binary-quic-stream,524288,136756,524288,1144.015,3.666302,0.956323,True,72,72,"Linux tc/netem qdisc on loopback; local kernel path emulation, not WAN",20.0,20.0,0.0
redis,real Redis-layered public bytes,12,raw-quic-stream,524288,524288,524288,601.325,6.975103,6.975103,True,0,0,"Linux tc/netem qdisc on loopback; local kernel path emulation, not WAN",20.0,20.0,0.0
redis,real Redis-layered public bytes,12,redulink-binary-quic-stream,524288,136755,524288,683.77,6.134086,1.600012,True,72,72,"Linux tc/netem qdisc on loopback; local kernel path emulation, not WAN",20.0,20.0,0.0
