object,role,stream_id,input_bytes,initial_ref_frames,initial_full_frames,semantic_misses,repair_full_frames,forward_protocol_stream_bytes,reverse_repair_control_stream_bytes,measurement_control_stream_bytes_excluded,diagnostic_stats_stream_bytes_excluded,client_ttfb_from_session_ms,client_completion_from_session_ms,client_stream_duration_ms,server_completion_ms,reconstruction_ok,tls_exporter_live,tls_exporter_outputs_match,sender_drain_batch_bytes,mode,round,execution_order
blocker,miss-heavy-large,0,2097152,2042,6,2042,2042,2526667,49017,13,1156,681.516,4873.128,4811.381,4694.388,True,True,True,65536,multiplexed,1,1
small-1,warm-hit-small,4,65536,58,6,0,0,12929,9,13,1138,179.942,382.959,259.362,165.019,True,True,True,65536,multiplexed,1,1
small-2,warm-hit-small,8,65536,58,6,0,0,12929,9,13,1138,181.126,384.091,257.688,176.841,True,True,True,65536,multiplexed,1,1
small-3,warm-hit-small,12,65536,58,6,0,0,12929,9,13,1139,182.211,386.288,257.669,180.532,True,True,True,65536,multiplexed,1,1
small-4,warm-hit-small,16,65536,58,6,0,0,12929,9,13,1140,221.289,385.215,254.467,171.795,True,True,True,65536,multiplexed,1,1
blocker,miss-heavy-large,0,2097152,2042,6,2042,2042,2526667,49017,13,1156,1460.247,7390.248,7341.03,7001.61,True,True,True,65536,sequential,1,2
small-1,warm-hit-small,4,65536,58,6,0,0,12929,9,13,1136,7436.756,7491.122,99.525,53.495,True,True,True,65536,sequential,1,2
small-2,warm-hit-small,8,65536,58,6,0,0,12929,9,13,1136,7536.152,7590.962,99.636,53.806,True,True,True,65536,sequential,1,2
small-3,warm-hit-small,12,65536,58,6,0,0,12929,9,13,1137,7636.384,7689.914,98.648,52.484,True,True,True,65536,sequential,1,2
small-4,warm-hit-small,16,65536,58,6,0,0,12929,9,13,1137,7734.888,7788.241,98.118,52.253,True,True,True,65536,sequential,1,2
blocker,miss-heavy-large,0,2097152,2042,6,2042,2042,2526667,49017,13,1157,620.268,4887.874,4839.166,4725.679,True,True,True,65536,sequential,2,1
small-1,warm-hit-small,4,65536,58,6,0,0,12929,9,13,1136,4934.463,4985.626,96.385,49.992,True,True,True,65536,sequential,2,1
small-2,warm-hit-small,8,65536,58,6,0,0,12929,9,13,1136,5030.692,5082.129,96.264,50.479,True,True,True,65536,sequential,2,1
small-3,warm-hit-small,12,65536,58,6,0,0,12929,9,13,1137,5127.22,5178.888,96.571,50.621,True,True,True,65536,sequential,2,1
small-4,warm-hit-small,16,65536,58,6,0,0,12929,9,13,1137,5224.004,5314.52,135.415,89.315,True,True,True,65536,sequential,2,1
blocker,miss-heavy-large,0,2097152,2042,6,2042,2042,2526667,49017,13,1158,1488.197,6816.83,6726.728,6604.858,True,True,True,65536,multiplexed,2,2
small-1,warm-hit-small,4,65536,58,6,0,0,12929,9,13,1137,212.393,553.478,396.203,339.856,True,True,True,65536,multiplexed,2,2
small-2,warm-hit-small,8,65536,58,6,0,0,12929,9,13,1138,255.763,571.988,412.117,338.792,True,True,True,65536,multiplexed,2,2
small-3,warm-hit-small,12,65536,58,6,0,0,12929,9,13,1139,253.146,561.491,399.301,305.417,True,True,True,65536,multiplexed,2,2
small-4,warm-hit-small,16,65536,58,6,0,0,12929,9,13,1137,255.308,559.406,395.101,302.92,True,True,True,65536,multiplexed,2,2
blocker,miss-heavy-large,0,2097152,2042,6,2042,2042,2526667,49017,13,1153,678.256,5961.277,5912.584,5798.5,True,True,True,65536,multiplexed,3,1
small-1,warm-hit-small,4,65536,58,6,0,0,12929,9,13,1136,163.806,358.668,250.034,163.63,True,True,True,65536,multiplexed,3,1
small-2,warm-hit-small,8,65536,58,6,0,0,12929,9,13,1138,164.92,361.062,249.792,184.477,True,True,True,65536,multiplexed,3,1
small-3,warm-hit-small,12,65536,58,6,0,0,12929,9,13,1139,166.625,359.933,245.919,169.747,True,True,True,65536,multiplexed,3,1
small-4,warm-hit-small,16,65536,58,6,0,0,12929,9,13,1140,206.563,362.265,246.173,178.434,True,True,True,65536,multiplexed,3,1
blocker,miss-heavy-large,0,2097152,2042,6,2042,2042,2526667,49017,13,1156,633.236,5318.153,5269.391,5153.579,True,True,True,65536,sequential,3,2
small-1,warm-hit-small,4,65536,58,6,0,0,12929,9,13,1136,5365.301,5416.419,96.565,50.083,True,True,True,65536,sequential,3,2
small-2,warm-hit-small,8,65536,58,6,0,0,12929,9,13,1135,5462.544,5514.092,97.429,50.427,True,True,True,65536,sequential,3,2
small-3,warm-hit-small,12,65536,58,6,0,0,12929,9,13,1137,5559.307,5611.188,96.817,50.693,True,True,True,65536,sequential,3,2
small-4,warm-hit-small,16,65536,58,6,0,0,12929,9,13,1137,5656.43,5708.016,96.604,50.552,True,True,True,65536,sequential,3,2
blocker,miss-heavy-large,0,2097152,2042,6,2042,2042,2526667,49017,13,1157,617.616,5755.191,5706.697,5592.517,True,True,True,65536,sequential,4,1
small-1,warm-hit-small,4,65536,58,6,0,0,12929,9,13,1132,5802.143,5853.207,96.403,49.9,True,True,True,65536,sequential,4,1
small-2,warm-hit-small,8,65536,58,6,0,0,12929,9,13,1136,5898.262,5949.859,96.42,50.491,True,True,True,65536,sequential,4,1
small-3,warm-hit-small,12,65536,58,6,0,0,12929,9,13,1137,5995.096,6046.498,96.369,50.468,True,True,True,65536,sequential,4,1
small-4,warm-hit-small,16,65536,58,6,0,0,12929,9,13,1137,6091.525,6143.175,96.468,50.549,True,True,True,65536,sequential,4,1
blocker,miss-heavy-large,0,2097152,2042,6,2042,2042,2526667,49017,13,1156,809.821,5441.314,5392.615,5278.603,True,True,True,65536,multiplexed,4,2
small-1,warm-hit-small,4,65536,58,6,0,0,12929,9,13,1138,163.562,363.055,254.629,168.067,True,True,True,65536,multiplexed,4,2
small-2,warm-hit-small,8,65536,58,6,0,0,12929,9,13,1138,164.763,521.173,410.219,321.263,True,True,True,65536,multiplexed,4,2
small-3,warm-hit-small,12,65536,58,6,0,0,12929,9,13,1139,166.175,382.253,268.532,185.584,True,True,True,65536,multiplexed,4,2
small-4,warm-hit-small,16,65536,58,6,0,0,12929,9,13,1139,206.375,487.825,372.034,315.447,True,True,True,65536,multiplexed,4,2
blocker,miss-heavy-large,0,2097152,2042,6,2042,2042,2526667,49017,13,1157,684.69,5422.195,5373.68,5260.141,True,True,True,65536,multiplexed,5,1
small-1,warm-hit-small,4,65536,58,6,0,0,12929,9,13,1138,163.154,357.066,249.176,164.645,True,True,True,65536,multiplexed,5,1
small-2,warm-hit-small,8,65536,58,6,0,0,12929,9,13,1138,164.316,381.415,270.928,187.887,True,True,True,65536,multiplexed,5,1
small-3,warm-hit-small,12,65536,58,6,0,0,12929,9,13,1138,165.325,366.341,253.473,178.386,True,True,True,65536,multiplexed,5,1
small-4,warm-hit-small,16,65536,58,6,0,0,12929,9,13,1138,205.649,382.488,267.542,181.93,True,True,True,65536,multiplexed,5,1
blocker,miss-heavy-large,0,2097152,2042,6,2042,2042,2526667,49017,13,1155,647.243,4121.028,4072.39,3958.16,True,True,True,65536,sequential,5,2
small-1,warm-hit-small,4,65536,58,6,0,0,12929,9,13,1136,4167.591,4222.322,99.497,53.709,True,True,True,65536,sequential,5,2
small-2,warm-hit-small,8,65536,58,6,0,0,12929,9,13,1136,4267.376,4321.976,99.382,53.732,True,True,True,65536,sequential,5,2
small-3,warm-hit-small,12,65536,58,6,0,0,12929,9,13,1137,4367.15,4420.492,98.291,52.343,True,True,True,65536,sequential,5,2
small-4,warm-hit-small,16,65536,58,6,0,0,12929,9,13,1137,4465.524,4520.151,99.428,53.614,True,True,True,65536,sequential,5,2
blocker,miss-heavy-large,0,2097152,2042,6,2042,2042,2526667,49017,13,1157,617.915,5394.362,5345.794,5232.618,True,True,True,65536,sequential,6,1
small-1,warm-hit-small,4,65536,58,6,0,0,12929,9,13,1134,5440.794,5493.683,97.632,51.93,True,True,True,65536,sequential,6,1
small-2,warm-hit-small,8,65536,58,6,0,0,12929,9,13,1136,5538.5,5591.773,97.902,52.205,True,True,True,65536,sequential,6,1
small-3,warm-hit-small,12,65536,58,6,0,0,12929,9,13,1137,5636.77,5689.963,97.977,52.146,True,True,True,65536,sequential,6,1
small-4,warm-hit-small,16,65536,58,6,0,0,12929,9,13,1137,5734.916,5788.084,97.894,52.138,True,True,True,65536,sequential,6,1
blocker,miss-heavy-large,0,2097152,2042,6,2042,2042,2526667,49017,13,1157,680.925,5665.195,5616.903,5503.689,True,True,True,65536,multiplexed,6,2
small-1,warm-hit-small,4,65536,58,6,0,0,12929,9,13,1138,162.445,355.344,247.992,163.571,True,True,True,65536,multiplexed,6,2
small-2,warm-hit-small,8,65536,58,6,0,0,12929,9,13,1138,163.597,382.803,272.958,187.716,True,True,True,65536,multiplexed,6,2
small-3,warm-hit-small,12,65536,58,6,0,0,12929,9,13,1139,164.716,364.66,252.423,178.241,True,True,True,65536,multiplexed,6,2
small-4,warm-hit-small,16,65536,58,6,0,0,12929,9,13,1140,205.071,381.708,267.365,181.999,True,True,True,65536,multiplexed,6,2
blocker,miss-heavy-large,0,2097152,2042,6,2042,2042,2526667,49017,13,1157,831.177,7497.607,7449.227,7335.547,True,True,True,65536,multiplexed,7,1
small-1,warm-hit-small,4,65536,58,6,0,0,12929,9,13,1138,163.131,349.064,241.263,184.669,True,True,True,65536,multiplexed,7,1
small-2,warm-hit-small,8,65536,58,6,0,0,12929,9,13,1138,164.386,352.098,241.715,183.733,True,True,True,65536,multiplexed,7,1
small-3,warm-hit-small,12,65536,58,6,0,0,12929,9,13,1139,165.709,350.989,237.826,181.871,True,True,True,65536,multiplexed,7,1
small-4,warm-hit-small,16,65536,58,6,0,0,12929,9,13,1140,205.946,350.072,234.797,177.518,True,True,True,65536,multiplexed,7,1
blocker,miss-heavy-large,0,2097152,2042,6,2042,2042,2526667,49017,13,1157,649.769,3011.968,2963.107,2848.415,True,True,True,65536,sequential,7,2
small-1,warm-hit-small,4,65536,58,6,0,0,12929,9,13,1136,3058.489,3155.544,141.878,96.136,True,True,True,65536,sequential,7,2
small-2,warm-hit-small,8,65536,58,6,0,0,12929,9,13,1134,3200.458,3290.71,134.971,89.33,True,True,True,65536,sequential,7,2
small-3,warm-hit-small,12,65536,58,6,0,0,12929,9,13,1137,3335.823,3420.611,129.663,83.965,True,True,True,65536,sequential,7,2
small-4,warm-hit-small,16,65536,58,6,0,0,12929,9,13,1136,3465.511,3528.055,107.28,61.394,True,True,True,65536,sequential,7,2
blocker,miss-heavy-large,0,2097152,2042,6,2042,2042,2526667,49017,13,1157,630.665,5016.016,4967.319,4847.608,True,True,True,65536,sequential,8,1
small-1,warm-hit-small,4,65536,58,6,0,0,12929,9,13,1136,5062.618,5117.023,99.241,53.447,True,True,True,65536,sequential,8,1
small-2,warm-hit-small,8,65536,58,6,0,0,12929,9,13,1136,5161.909,5216.599,99.389,53.631,True,True,True,65536,sequential,8,1
small-3,warm-hit-small,12,65536,58,6,0,0,12929,9,13,1137,5261.625,5316.428,99.619,53.705,True,True,True,65536,sequential,8,1
small-4,warm-hit-small,16,65536,58,6,0,0,12929,9,13,1137,5361.299,5416.132,99.502,53.772,True,True,True,65536,sequential,8,1
blocker,miss-heavy-large,0,2097152,2042,6,2042,2042,2526667,49017,13,1157,709.348,6363.15,6314.673,6201.258,True,True,True,65536,multiplexed,8,2
small-1,warm-hit-small,4,65536,58,6,0,0,12929,9,13,1137,162.858,352.733,245.187,164.397,True,True,True,65536,multiplexed,8,2
small-2,warm-hit-small,8,65536,58,6,0,0,12929,9,13,1138,164.092,356.404,246.364,188.474,True,True,True,65536,multiplexed,8,2
small-3,warm-hit-small,12,65536,58,6,0,0,12929,9,13,1137,165.042,354.317,241.919,179.13,True,True,True,65536,multiplexed,8,2
small-4,warm-hit-small,16,65536,58,6,0,0,12929,9,13,1140,205.274,355.286,240.823,183.036,True,True,True,65536,multiplexed,8,2
blocker,miss-heavy-large,0,2097152,2042,6,2042,2042,2526667,49017,13,1157,691.893,5354.536,5306.049,5192.552,True,True,True,65536,multiplexed,9,1
small-1,warm-hit-small,4,65536,58,6,0,0,12929,9,13,1138,162.878,357.764,250.114,164.614,True,True,True,65536,multiplexed,9,1
small-2,warm-hit-small,8,65536,58,6,0,0,12929,9,13,1138,164.016,376.12,265.948,187.613,True,True,True,65536,multiplexed,9,1
small-3,warm-hit-small,12,65536,58,6,0,0,12929,9,13,1139,164.968,371.089,258.552,178.416,True,True,True,65536,multiplexed,9,1
small-4,warm-hit-small,16,65536,58,6,0,0,12929,9,13,1140,205.646,381.06,266.47,182.134,True,True,True,65536,multiplexed,9,1
blocker,miss-heavy-large,0,2097152,2042,6,2042,2042,2526667,49017,13,1157,745.513,6264.972,6216.396,6102.205,True,True,True,65536,sequential,9,2
small-1,warm-hit-small,4,65536,58,6,0,0,12929,9,13,1136,6311.415,6394.955,128.289,82.614,True,True,True,65536,sequential,9,2
small-2,warm-hit-small,8,65536,58,6,0,0,12929,9,13,1136,6439.782,6501.922,106.783,61.172,True,True,True,65536,sequential,9,2
small-3,warm-hit-small,12,65536,58,6,0,0,12929,9,13,1136,6546.441,6607.182,105.074,59.663,True,True,True,65536,sequential,9,2
small-4,warm-hit-small,16,65536,58,6,0,0,12929,9,13,1137,6708.226,6750.5,143.137,97.424,True,True,True,65536,sequential,9,2
blocker,miss-heavy-large,0,2097152,2042,6,2042,2042,2526667,49017,13,1155,622.437,4091.986,4043.639,3930.17,True,True,True,65536,sequential,10,1
small-1,warm-hit-small,4,65536,58,6,0,0,12929,9,13,1136,4138.148,4199.223,105.642,60.259,True,True,True,65536,sequential,10,1
small-2,warm-hit-small,8,65536,58,6,0,0,12929,9,13,1136,4243.981,4302.452,103.047,57.607,True,True,True,65536,sequential,10,1
small-3,warm-hit-small,12,65536,58,6,0,0,12929,9,13,1137,4347.293,4404.651,101.91,56.473,True,True,True,65536,sequential,10,1
small-4,warm-hit-small,16,65536,58,6,0,0,12929,9,13,1137,4449.31,4503.725,98.901,53.506,True,True,True,65536,sequential,10,1
blocker,miss-heavy-large,0,2097152,2042,6,2042,2042,2526667,49017,13,1155,673.712,4939.525,4891.586,4779.18,True,True,True,65536,multiplexed,10,2
small-1,warm-hit-small,4,65536,58,6,0,0,12929,9,13,1138,161.21,349.039,242.956,163.303,True,True,True,65536,multiplexed,10,2
small-2,warm-hit-small,8,65536,58,6,0,0,12929,9,13,1138,162.346,352.512,243.998,183.228,True,True,True,65536,multiplexed,10,2
small-3,warm-hit-small,12,65536,58,6,0,0,12929,9,13,1139,163.302,350.666,239.891,180.151,True,True,True,65536,multiplexed,10,2
small-4,warm-hit-small,16,65536,58,6,0,0,12929,9,13,1140,203.796,351.388,238.564,177.843,True,True,True,65536,multiplexed,10,2
blocker,miss-heavy-large,0,2097152,2042,6,2042,2042,2526667,49017,13,1157,831.889,4680.055,4631.958,4519.219,True,True,True,65536,multiplexed,11,1
small-1,warm-hit-small,4,65536,58,6,0,0,12929,9,13,1136,161.573,356.22,249.576,164.38,True,True,True,65536,multiplexed,11,1
small-2,warm-hit-small,8,65536,58,6,0,0,12929,9,13,1138,162.695,532.08,422.941,325.755,True,True,True,65536,multiplexed,11,1
small-3,warm-hit-small,12,65536,58,6,0,0,12929,9,13,1139,163.804,369.528,258.118,178.093,True,True,True,65536,multiplexed,11,1
small-4,warm-hit-small,16,65536,58,6,0,0,12929,9,13,1140,204.196,492.467,379.009,319.778,True,True,True,65536,multiplexed,11,1
blocker,miss-heavy-large,0,2097152,2042,6,2042,2042,2526667,49017,13,1157,637.323,4156.094,4107.601,3994.002,True,True,True,65536,sequential,11,2
small-1,warm-hit-small,4,65536,58,6,0,0,12929,9,13,1136,4202.483,4253.681,95.868,50.259,True,True,True,65536,sequential,11,2
small-2,warm-hit-small,8,65536,58,6,0,0,12929,9,13,1136,4298.359,4349.97,96.107,50.421,True,True,True,65536,sequential,11,2
small-3,warm-hit-small,12,65536,58,6,0,0,12929,9,13,1137,4394.802,4446.267,96.092,50.465,True,True,True,65536,sequential,11,2
small-4,warm-hit-small,16,65536,58,6,0,0,12929,9,13,1137,4491.294,4542.693,96.218,50.557,True,True,True,65536,sequential,11,2
blocker,miss-heavy-large,0,2097152,2042,6,2042,2042,2526667,49017,13,1157,635.868,4638.932,4591.096,4478.629,True,True,True,65536,sequential,12,1
small-1,warm-hit-small,4,65536,58,6,0,0,12929,9,13,1136,4685.867,4736.953,96.299,49.971,True,True,True,65536,sequential,12,1
small-2,warm-hit-small,8,65536,58,6,0,0,12929,9,13,1136,4781.956,4833.407,96.244,50.465,True,True,True,65536,sequential,12,1
small-3,warm-hit-small,12,65536,58,6,0,0,12929,9,13,1137,4878.544,4929.974,96.356,50.459,True,True,True,65536,sequential,12,1
small-4,warm-hit-small,16,65536,58,6,0,0,12929,9,13,1136,4974.967,5026.46,96.285,50.549,True,True,True,65536,sequential,12,1
blocker,miss-heavy-large,0,2097152,2042,6,2042,2042,2526667,49017,13,1157,1158.647,5434.546,5386.25,5273.505,True,True,True,65536,multiplexed,12,2
small-1,warm-hit-small,4,65536,58,6,0,0,12929,9,13,1138,162.012,384.705,277.679,221.466,True,True,True,65536,multiplexed,12,2
small-2,warm-hit-small,8,65536,58,6,0,0,12929,9,13,1136,163.136,403.041,293.564,238.82,True,True,True,65536,multiplexed,12,2
small-3,warm-hit-small,12,65536,58,6,0,0,12929,9,13,1139,164.198,411.08,299.271,245.524,True,True,True,65536,multiplexed,12,2
small-4,warm-hit-small,16,65536,58,6,0,0,12929,9,13,1139,259.004,414.167,300.314,152.921,True,True,True,65536,multiplexed,12,2
blocker,miss-heavy-large,0,2097152,2042,6,2042,2042,2526667,49017,13,1157,647.437,4169.249,4121.45,4009.509,True,True,True,65536,multiplexed,13,1
small-1,warm-hit-small,4,65536,58,6,0,0,12929,9,13,1138,160.717,353.238,247.365,164.228,True,True,True,65536,multiplexed,13,1
small-2,warm-hit-small,8,65536,58,6,0,0,12929,9,13,1136,161.847,371.521,263.176,183.35,True,True,True,65536,multiplexed,13,1
small-3,warm-hit-small,12,65536,58,6,0,0,12929,9,13,1139,163.096,370.474,259.847,180.945,True,True,True,65536,multiplexed,13,1
small-4,warm-hit-small,16,65536,58,6,0,0,12929,9,13,1140,203.279,372.461,259.782,177.384,True,True,True,65536,multiplexed,13,1
blocker,miss-heavy-large,0,2097152,2042,6,2042,2042,2526667,49017,13,1157,618.424,5474.256,5426.02,5313.028,True,True,True,65536,sequential,13,2
small-1,warm-hit-small,4,65536,58,6,0,0,12929,9,13,1136,5520.836,5572.473,96.581,50.684,True,True,True,65536,sequential,13,2
small-2,warm-hit-small,8,65536,58,6,0,0,12929,9,13,1136,5617.17,5668.529,95.87,50.371,True,True,True,65536,sequential,13,2
small-3,warm-hit-small,12,65536,58,6,0,0,12929,9,13,1137,5713.277,5764.616,95.906,50.377,True,True,True,65536,sequential,13,2
small-4,warm-hit-small,16,65536,58,6,0,0,12929,9,13,1137,5809.381,5860.786,95.991,50.516,True,True,True,65536,sequential,13,2
blocker,miss-heavy-large,0,2097152,2042,6,2042,2042,2526667,49017,13,1157,618.474,5533.73,5485.828,5373.592,True,True,True,65536,sequential,14,1
small-1,warm-hit-small,4,65536,58,6,0,0,12929,9,13,1136,5580.613,5631.572,96.098,49.933,True,True,True,65536,sequential,14,1
small-2,warm-hit-small,8,65536,58,6,0,0,12929,9,13,1136,5676.341,5727.882,96.126,50.464,True,True,True,65536,sequential,14,1
small-3,warm-hit-small,12,65536,58,6,0,0,12929,9,13,1137,5772.976,5824.499,96.414,50.599,True,True,True,65536,sequential,14,1
small-4,warm-hit-small,16,65536,58,6,0,0,12929,9,13,1133,5869.479,5921.134,96.428,50.6,True,True,True,65536,sequential,14,1
blocker,miss-heavy-large,0,2097152,2042,6,2042,2042,2526667,49017,13,1157,985.797,5797.8,5750.105,5638.009,True,True,True,65536,multiplexed,14,2
small-1,warm-hit-small,4,65536,58,6,0,0,12929,9,13,1137,160.515,351.151,245.294,189.449,True,True,True,65536,multiplexed,14,2
small-2,warm-hit-small,8,65536,58,6,0,0,12929,9,13,1138,161.554,312.423,204.056,149.834,True,True,True,65536,multiplexed,14,2
small-3,warm-hit-small,12,65536,58,6,0,0,12929,9,13,1139,163.116,316.515,205.897,152.426,True,True,True,65536,multiplexed,14,2
small-4,warm-hit-small,16,65536,58,6,0,0,12929,9,13,1140,203.776,314.406,201.686,145.768,True,True,True,65536,multiplexed,14,2
blocker,miss-heavy-large,0,2097152,2042,6,2042,2042,2526667,49017,13,1157,669.981,5219.369,5170.907,5057.029,True,True,True,65536,multiplexed,15,1
small-1,warm-hit-small,4,65536,58,6,0,0,12929,9,13,1138,163.296,353.735,245.51,163.254,True,True,True,65536,multiplexed,15,1
small-2,warm-hit-small,8,65536,58,6,0,0,12929,9,13,1138,164.435,373.567,262.867,183.251,True,True,True,65536,multiplexed,15,1
small-3,warm-hit-small,12,65536,58,6,0,0,12929,9,13,1139,165.544,367.227,254.157,178.972,True,True,True,65536,multiplexed,15,1
small-4,warm-hit-small,16,65536,58,6,0,0,12929,9,13,1140,205.828,372.065,256.928,177.399,True,True,True,65536,multiplexed,15,1
blocker,miss-heavy-large,0,2097152,2042,6,2042,2042,2526667,49017,13,1157,637.723,4314.987,4266.415,4152.897,True,True,True,65536,sequential,15,2
small-1,warm-hit-small,4,65536,58,6,0,0,12929,9,13,1136,4361.534,4416.064,99.263,53.474,True,True,True,65536,sequential,15,2
small-2,warm-hit-small,8,65536,58,6,0,0,12929,9,13,1136,4461.007,4515.699,99.415,53.641,True,True,True,65536,sequential,15,2
small-3,warm-hit-small,12,65536,58,6,0,0,12929,9,13,1137,4560.556,4615.27,99.363,53.693,True,True,True,65536,sequential,15,2
small-4,warm-hit-small,16,65536,58,6,0,0,12929,9,13,1137,4660.267,4713.368,97.885,52.086,True,True,True,65536,sequential,15,2
blocker,miss-heavy-large,0,2097152,2042,6,2042,2042,2526667,49017,13,1157,623.348,4937.765,4889.866,4769.307,True,True,True,65536,sequential,16,1
small-1,warm-hit-small,4,65536,58,6,0,0,12929,9,13,1136,4984.344,5038.725,99.189,53.316,True,True,True,65536,sequential,16,1
small-2,warm-hit-small,8,65536,58,6,0,0,12929,9,13,1134,5083.579,5138.253,99.327,53.65,True,True,True,65536,sequential,16,1
small-3,warm-hit-small,12,65536,58,6,0,0,12929,9,13,1137,5183.249,5236.494,98.029,52.204,True,True,True,65536,sequential,16,1
small-4,warm-hit-small,16,65536,58,6,0,0,12929,9,13,1137,5281.488,5334.675,97.96,52.182,True,True,True,65536,sequential,16,1
blocker,miss-heavy-large,0,2097152,2042,6,2042,2042,2526667,49017,13,1157,648.46,3796.52,3748.18,3634.634,True,True,True,65536,multiplexed,16,2
small-1,warm-hit-small,4,65536,58,6,0,0,12929,9,13,1138,162.902,360.048,252.667,165.813,True,True,True,65536,multiplexed,16,2
small-2,warm-hit-small,8,65536,58,6,0,0,12929,9,13,1136,164.047,374.261,264.435,184.93,True,True,True,65536,multiplexed,16,2
small-3,warm-hit-small,12,65536,58,6,0,0,12929,9,13,1139,164.994,380.56,268.409,191.762,True,True,True,65536,multiplexed,16,2
small-4,warm-hit-small,16,65536,58,6,0,0,12929,9,13,1140,205.126,375.403,261.191,179.533,True,True,True,65536,multiplexed,16,2
blocker,miss-heavy-large,0,2097152,2042,6,2042,2042,2526667,49017,13,1157,684.027,7011.468,6963.356,6850.099,True,True,True,65536,multiplexed,17,1
small-1,warm-hit-small,4,65536,58,6,0,0,12929,9,13,1136,162.567,327.622,220.52,164.17,True,True,True,65536,multiplexed,17,1
small-2,warm-hit-small,8,65536,58,6,0,0,12929,9,13,1138,163.591,378.89,269.298,200.793,True,True,True,65536,multiplexed,17,1
small-3,warm-hit-small,12,65536,58,6,0,0,12929,9,13,1137,164.594,428.036,316.155,256.14,True,True,True,65536,multiplexed,17,1
small-4,warm-hit-small,16,65536,58,6,0,0,12929,9,13,1140,204.972,377.806,263.877,195.146,True,True,True,65536,multiplexed,17,1
blocker,miss-heavy-large,0,2097152,2042,6,2042,2042,2526667,49017,13,1155,741.046,5650.558,5602.198,5488.08,True,True,True,65536,sequential,17,2
small-1,warm-hit-small,4,65536,58,6,0,0,12929,9,13,1136,5696.951,5750.291,97.997,52.285,True,True,True,65536,sequential,17,2
small-2,warm-hit-small,8,65536,58,6,0,0,12929,9,13,1136,5795.298,5848.603,98.095,52.375,True,True,True,65536,sequential,17,2
small-3,warm-hit-small,12,65536,58,6,0,0,12929,9,13,1137,5893.524,5946.478,97.634,52.005,True,True,True,65536,sequential,17,2
small-4,warm-hit-small,16,65536,58,6,0,0,12929,9,13,1135,5991.454,6044.517,97.833,52.12,True,True,True,65536,sequential,17,2
blocker,miss-heavy-large,0,2097152,2042,6,2042,2042,2526667,49017,13,1157,639.293,4747.43,4699.261,4586.442,True,True,True,65536,sequential,18,1
small-1,warm-hit-small,4,65536,58,6,0,0,12929,9,13,1135,4794.344,4845.317,96.184,49.908,True,True,True,65536,sequential,18,1
small-2,warm-hit-small,8,65536,58,6,0,0,12929,9,13,1136,4890.389,4941.718,96.116,50.455,True,True,True,65536,sequential,18,1
small-3,warm-hit-small,12,65536,58,6,0,0,12929,9,13,1135,4986.488,5037.986,96.116,50.51,True,True,True,65536,sequential,18,1
small-4,warm-hit-small,16,65536,58,6,0,0,12929,9,13,1137,5082.874,5134.319,96.147,50.475,True,True,True,65536,sequential,18,1
blocker,miss-heavy-large,0,2097152,2042,6,2042,2042,2526667,49017,13,1156,649.232,6676.787,6628.673,6516.204,True,True,True,65536,multiplexed,18,2
small-1,warm-hit-small,4,65536,58,6,0,0,12929,9,13,1138,161.449,354.301,247.801,165.499,True,True,True,65536,multiplexed,18,2
small-2,warm-hit-small,8,65536,58,6,0,0,12929,9,13,1138,162.612,372.677,263.755,186.658,True,True,True,65536,multiplexed,18,2
small-3,warm-hit-small,12,65536,58,6,0,0,12929,9,13,1139,163.643,367.561,256.37,176.377,True,True,True,65536,multiplexed,18,2
small-4,warm-hit-small,16,65536,58,6,0,0,12929,9,13,1140,204.138,373.599,260.352,180.855,True,True,True,65536,multiplexed,18,2
blocker,miss-heavy-large,0,2097152,2042,6,2042,2042,2526667,49017,13,1157,664.145,4293.515,4245.555,4133.124,True,True,True,65536,multiplexed,19,1
small-1,warm-hit-small,4,65536,58,6,0,0,12929,9,13,1138,161.295,355.171,248.839,164.597,True,True,True,65536,multiplexed,19,1
small-2,warm-hit-small,8,65536,58,6,0,0,12929,9,13,1138,162.481,378.416,269.651,187.515,True,True,True,65536,multiplexed,19,1
small-3,warm-hit-small,12,65536,58,6,0,0,12929,9,13,1139,163.44,368.483,257.467,178.385,True,True,True,65536,multiplexed,19,1
small-4,warm-hit-small,16,65536,58,6,0,0,12929,9,13,1140,203.942,373.492,260.427,181.956,True,True,True,65536,multiplexed,19,1
blocker,miss-heavy-large,0,2097152,2042,6,2042,2042,2526667,49017,13,1157,618.311,3446.177,3397.737,3284.229,True,True,True,65536,sequential,19,2
small-1,warm-hit-small,4,65536,58,6,0,0,12929,9,13,1136,3493.16,3544.05,96.14,49.872,True,True,True,65536,sequential,19,2
small-2,warm-hit-small,8,65536,58,6,0,0,12929,9,13,1132,3589.06,3640.604,96.352,50.5,True,True,True,65536,sequential,19,2
small-3,warm-hit-small,12,65536,58,6,0,0,12929,9,13,1137,3685.528,3737.042,96.24,50.521,True,True,True,65536,sequential,19,2
small-4,warm-hit-small,16,65536,58,6,0,0,12929,9,13,1137,3782.177,3833.571,96.327,50.435,True,True,True,65536,sequential,19,2
blocker,miss-heavy-large,0,2097152,2042,6,2042,2042,2526667,49017,13,1157,618.179,5784.882,5736.508,5623.212,True,True,True,65536,sequential,20,1
small-1,warm-hit-small,4,65536,58,6,0,0,12929,9,13,1136,5831.761,5915.634,128.873,82.886,True,True,True,65536,sequential,20,1
small-2,warm-hit-small,8,65536,58,6,0,0,12929,9,13,1135,5960.84,6023.271,107.395,61.405,True,True,True,65536,sequential,20,1
small-3,warm-hit-small,12,65536,58,6,0,0,12929,9,13,1135,6068.01,6129.122,105.625,59.93,True,True,True,65536,sequential,20,1
small-4,warm-hit-small,16,65536,58,6,0,0,12929,9,13,1137,6174.153,6228.812,99.458,53.751,True,True,True,65536,sequential,20,1
blocker,miss-heavy-large,0,2097152,2042,6,2042,2042,2526667,49017,13,1157,758.698,5756.636,5708.265,5594.365,True,True,True,65536,multiplexed,20,2
small-1,warm-hit-small,4,65536,58,6,0,0,12929,9,13,1138,163.642,358.427,250.369,164.719,True,True,True,65536,multiplexed,20,2
small-2,warm-hit-small,8,65536,58,6,0,0,12929,9,13,1138,164.715,381.766,271.125,188.839,True,True,True,65536,multiplexed,20,2
small-3,warm-hit-small,12,65536,58,6,0,0,12929,9,13,1139,165.728,453.023,340.005,179.343,True,True,True,65536,multiplexed,20,2
small-4,warm-hit-small,16,65536,58,6,0,0,12929,9,13,1138,206.047,383.028,267.903,183.11,True,True,True,65536,multiplexed,20,2
