case,round,flow,method,input_bytes,encoded_stream_payload_bytes,reconstructed_bytes,client_completion_ms,connection_plus_application_completion_ms,client_ttfb_ms,encoded_goodput_mbps,reconstructed_goodput_mbps,reconstruction_ok,congestion_control_algorithm,application_stream_id,encoded_goodput_jain_fairness,pair_qdisc_bytes,pair_qdisc_packets,pair_qdisc_drops,case_execution_order
raw-raw,1,A,raw,833536,833536,833536,2518.749,2582.15,45.564,2.64746,2.64746,True,reno,0,0.904851,1862979,2429,14,1
raw-raw,1,B,raw,833536,833536,833536,1285.219,1339.649,45.697,5.188445,5.188445,True,reno,0,0.904851,1862979,2429,14,1
redulink-redulink,1,A,redulink,8388608,833610,8388608,3226.067,3705.363,186.789,2.067186,20.802068,True,reno,0,0.945853,1866358,2433,14,2
redulink-redulink,1,B,redulink,8388608,833610,8388608,1980.361,2415.103,210.39,3.367507,33.887187,True,reno,0,0.945853,1866358,2433,14,2
raw-redulink,1,A,raw,833536,833536,833536,2962.407,3241.088,88.715,2.25097,2.25097,True,reno,0,0.814539,1858356,2360,9,3
raw-redulink,1,B,redulink,8388608,833610,8388608,1048.615,1282.2,132.85,6.359703,63.99762,True,reno,0,0.814539,1858356,2360,9,3
redulink-redulink,2,A,redulink,8388608,833610,8388608,1916.662,2349.313,207.572,3.479424,35.013406,True,reno,0,0.998274,1865756,2423,12,1
redulink-redulink,2,B,redulink,8388608,833610,8388608,2082.989,2560.111,183.924,3.201592,32.21758,True,reno,0,0.998274,1865756,2423,12,1
raw-redulink,2,A,raw,833536,833536,833536,2365.173,2649.528,89.66,2.819366,2.819366,True,reno,0,0.988168,1859426,2374,12,2
raw-redulink,2,B,redulink,8388608,833610,8388608,1898.777,2137.103,134.667,3.512198,35.343205,True,reno,0,0.988168,1859426,2374,12,2
raw-raw,2,A,raw,833536,833536,833536,966.196,1059.954,44.396,6.901589,6.901589,True,reno,0,0.886629,1855396,2313,10,3
raw-raw,2,B,raw,833536,833536,833536,2041.82,2134.504,43.809,3.265855,3.265855,True,reno,0,0.886629,1855396,2313,10,3
raw-redulink,3,A,raw,833536,833536,833536,2875.692,3157.902,88.827,2.318846,2.318846,True,reno,0,0.918547,1864941,2443,20,1
raw-redulink,3,B,redulink,8388608,833610,8388608,1556.136,1792.549,133.676,4.285538,43.125321,True,reno,0,0.918547,1864941,2443,20,1
raw-raw,3,A,raw,833536,833536,833536,1958.0,2008.827,45.434,3.405663,3.405663,True,reno,0,0.997285,1865997,2467,12,2
raw-raw,3,B,raw,833536,833536,833536,1763.796,1813.644,45.68,3.780646,3.780646,True,reno,0,0.997285,1865997,2467,12,2
redulink-redulink,3,A,redulink,8388608,833610,8388608,2393.477,2864.414,185.008,2.786273,28.038232,True,reno,0,0.936045,1860373,2353,13,3
redulink-redulink,3,B,redulink,8388608,833610,8388608,1401.508,1827.225,209.304,4.75836,47.883326,True,reno,0,0.936045,1860373,2353,13,3
raw-raw,4,A,raw,833536,833536,833536,1321.784,1372.536,45.495,5.044915,5.044915,True,reno,0,0.984934,1855187,2328,9,1
raw-raw,4,B,raw,833536,833536,833536,1694.88,1744.563,45.818,3.934372,3.934372,True,reno,0,0.984934,1855187,2328,9,1
redulink-redulink,4,A,redulink,8388608,833610,8388608,2214.607,2681.498,184.886,3.011315,30.302832,True,reno,0,0.945626,1857241,2313,7,2
redulink-redulink,4,B,redulink,8388608,833610,8388608,1357.94,1779.507,209.163,4.911027,49.419609,True,reno,0,0.945626,1857241,2313,7,2
raw-redulink,4,A,raw,833536,833536,833536,2183.925,2465.115,88.999,3.05335,3.05335,True,reno,0,0.998187,1872885,2548,15,3
raw-redulink,4,B,redulink,8388608,833610,8388608,2378.557,2614.017,133.761,2.80375,28.214108,True,reno,0,0.998187,1872885,2548,15,3
redulink-redulink,5,A,redulink,8388608,833610,8388608,3056.27,3535.255,181.825,2.182032,21.957767,True,reno,0,0.828341,1862348,2382,6,1
redulink-redulink,5,B,redulink,8388608,833610,8388608,1144.133,1578.099,205.759,5.828763,58.654775,True,reno,0,0.828341,1862348,2382,6,1
raw-redulink,5,A,raw,833536,833536,833536,3090.206,3373.372,89.084,2.157878,2.157878,True,reno,0,0.884527,1864620,2439,16,2
raw-redulink,5,B,redulink,8388608,833610,8388608,1449.958,1686.889,134.271,4.599361,46.283316,True,reno,0,0.884527,1864620,2439,16,2
raw-raw,5,A,raw,833536,833536,833536,1837.576,1888.362,45.479,3.62885,3.62885,True,reno,0,0.99692,1868248,2498,12,3
raw-raw,5,B,raw,833536,833536,833536,2053.87,2103.643,45.862,3.246694,3.246694,True,reno,0,0.99692,1868248,2498,12,3
raw-redulink,6,A,raw,833536,833536,833536,2212.776,2495.412,89.079,3.01354,3.01354,True,reno,0,0.935126,1858680,2361,13,1
raw-redulink,6,B,redulink,8388608,833610,8388608,1290.255,1527.415,133.585,5.168653,52.012094,True,reno,0,0.935126,1858680,2361,13,1
raw-raw,6,A,raw,833536,833536,833536,1304.515,1355.606,44.998,5.111699,5.111699,True,reno,0,0.924539,1860867,2401,9,2
raw-raw,6,B,raw,833536,833536,833536,2348.014,2398.092,45.72,2.839969,2.839969,True,reno,0,0.924539,1860867,2401,9,2
redulink-redulink,6,A,redulink,8388608,833610,8388608,2226.662,2693.259,180.85,2.995012,30.138775,True,reno,0,0.997286,1869733,2476,11,3
redulink-redulink,6,B,redulink,8388608,833610,8388608,2471.785,2893.419,204.74,2.698002,27.14996,True,reno,0,0.997286,1869733,2476,11,3
raw-raw,7,A,raw,833536,833536,833536,1474.824,1525.707,45.473,4.521413,4.521413,True,reno,0,0.989768,1861058,2404,12,1
raw-raw,7,B,raw,833536,833536,833536,1808.675,1858.562,45.719,3.686836,3.686836,True,reno,0,0.989768,1861058,2404,12,1
redulink-redulink,7,A,redulink,8388608,833610,8388608,2611.797,3077.67,181.826,2.553368,25.694518,True,reno,0,0.88517,1858467,2329,9,2
redulink-redulink,7,B,redulink,8388608,833610,8388608,1228.585,1649.038,206.13,5.428098,54.622891,True,reno,0,0.88517,1858467,2329,9,2
raw-redulink,7,A,raw,833536,833536,833536,2139.707,2432.255,88.817,3.116449,3.116449,True,reno,0,0.97584,1858506,2360,6,3
raw-redulink,7,B,redulink,8388608,833610,8388608,1558.042,1804.335,134.13,4.280295,43.072564,True,reno,0,0.97584,1858506,2360,6,3
redulink-redulink,8,A,redulink,8388608,833610,8388608,2176.218,2640.591,180.559,3.064436,30.837381,True,reno,0,0.999999,1868256,2457,13,1
redulink-redulink,8,B,redulink,8388608,833610,8388608,2179.498,2598.668,205.787,3.059824,30.790973,True,reno,0,0.999999,1868256,2457,13,1
raw-redulink,8,A,raw,833536,833536,833536,3279.239,3559.718,88.704,2.033486,2.033486,True,reno,0,0.814189,1863190,2421,12,2
raw-redulink,8,B,redulink,8388608,833610,8388608,1159.105,1393.97,133.372,5.753474,57.89714,True,reno,0,0.814189,1863190,2421,12,2
raw-raw,8,A,raw,833536,833536,833536,1704.957,1756.142,45.437,3.911118,3.911118,True,reno,0,0.982416,1859369,2381,5,3
raw-raw,8,B,raw,833536,833536,833536,1302.593,1352.805,45.645,5.119241,5.119241,True,reno,0,0.982416,1859369,2381,5,3
raw-redulink,9,A,raw,833536,833536,833536,1141.366,1378.23,118.155,5.842375,5.842375,True,reno,0,0.8044,1864938,2422,15,1
raw-redulink,9,B,redulink,8388608,833610,8388608,3362.382,3599.986,135.936,1.98338,19.958727,True,reno,0,0.8044,1864938,2422,15,1
raw-raw,9,A,raw,833536,833536,833536,1376.06,1426.112,45.552,4.845928,4.845928,True,reno,0,0.986694,1854745,2322,7,2
raw-raw,9,B,raw,833536,833536,833536,1737.647,1788.473,45.397,3.837539,3.837539,True,reno,0,0.986694,1854745,2322,7,2
redulink-redulink,9,A,redulink,8388608,833610,8388608,2611.506,3082.416,182.159,2.553653,25.697381,True,reno,0,0.950205,1864914,2411,14,3
redulink-redulink,9,B,redulink,8388608,833610,8388608,1638.58,2063.394,207.163,4.069914,40.9555,True,reno,0,0.950205,1864914,2411,14,3
raw-raw,10,A,raw,833536,833536,833536,2722.933,2773.709,45.397,2.448936,2.448936,True,reno,0,0.860239,1865495,2462,13,1
raw-raw,10,B,raw,833536,833536,833536,1158.451,1208.301,45.58,5.756211,5.756211,True,reno,0,0.860239,1865495,2462,13,1
redulink-redulink,10,A,redulink,8388608,833610,8388608,2736.802,3218.268,182.238,2.436742,24.520906,True,reno,0,0.913558,1862323,2379,9,2
redulink-redulink,10,B,redulink,8388608,833610,8388608,1449.175,1885.017,206.747,4.601846,46.308323,True,reno,0,0.913558,1862323,2379,9,2
raw-redulink,10,A,raw,833536,833536,833536,2512.172,2793.316,88.923,2.654391,2.654391,True,reno,0,0.942547,1862547,2411,10,3
raw-redulink,10,B,redulink,8388608,833610,8388608,1517.464,1752.508,134.057,4.394753,44.224353,True,reno,0,0.942547,1862547,2411,10,3
redulink-redulink,11,A,redulink,8388608,833610,8388608,2461.723,2930.617,181.672,2.709029,27.260932,True,reno,0,0.998215,1869884,2477,16,1
redulink-redulink,11,B,redulink,8388608,833610,8388608,2261.983,2684.877,206.646,2.948245,29.668156,True,reno,0,0.998215,1869884,2477,16,1
raw-redulink,11,A,raw,833536,833536,833536,2660.979,2941.521,88.798,2.505953,2.505953,True,reno,0,0.859564,1854666,2311,7,2
raw-redulink,11,B,redulink,8388608,833610,8388608,1129.141,1364.115,133.465,5.906153,59.433555,True,reno,0,0.859564,1854666,2311,7,2
raw-raw,11,A,raw,833536,833536,833536,1682.09,1733.42,45.544,3.964287,3.964287,True,reno,0,0.992728,1866922,2481,12,3
raw-raw,11,B,raw,833536,833536,833536,1996.973,2047.377,45.547,3.339198,3.339198,True,reno,0,0.992728,1866922,2481,12,3
raw-redulink,12,A,raw,833536,833536,833536,2231.107,2514.797,89.236,2.98878,2.98878,True,reno,0,0.972411,1859825,2378,8,1
raw-redulink,12,B,redulink,8388608,833610,8388608,1587.983,1825.388,134.566,4.199592,42.260442,True,reno,0,0.972411,1859825,2378,8,1
raw-raw,12,A,raw,833536,833536,833536,1733.704,1783.55,45.574,3.846267,3.846267,True,reno,0,0.999949,1860969,2402,11,2
raw-raw,12,B,raw,833536,833536,833536,1758.766,1809.344,45.046,3.791458,3.791458,True,reno,0,0.999949,1860969,2402,11,2
redulink-redulink,12,A,redulink,8388608,833610,8388608,2694.899,3164.509,180.828,2.474631,24.902181,True,reno,0,0.913889,1862265,2377,14,3
redulink-redulink,12,B,redulink,8388608,833610,8388608,1429.02,1852.341,206.031,4.666751,46.961459,True,reno,0,0.913889,1862265,2377,14,3
raw-raw,13,A,raw,833536,833536,833536,2246.052,2296.925,45.524,2.968893,2.968893,True,reno,0,0.949709,1862273,2419,14,1
raw-raw,13,B,raw,833536,833536,833536,1405.717,1455.682,44.772,4.743692,4.743692,True,reno,0,0.949709,1862273,2419,14,1
redulink-redulink,13,A,redulink,8388608,833610,8388608,3399.632,3877.632,181.774,1.961648,19.740038,True,reno,0,0.811168,1866149,2429,12,2
redulink-redulink,13,B,redulink,8388608,833610,8388608,1186.768,1619.126,206.279,5.619363,56.547585,True,reno,0,0.811168,1866149,2429,12,2
raw-redulink,13,A,raw,833536,833536,833536,2588.226,2868.474,88.355,2.576393,2.576393,True,reno,0,0.971023,1864307,2436,11,3
raw-redulink,13,B,redulink,8388608,833610,8388608,1825.893,2060.809,132.788,3.652394,36.753996,True,reno,0,0.971023,1864307,2436,11,3
redulink-redulink,14,A,redulink,8388608,833610,8388608,2638.668,3104.585,180.887,2.527366,25.432856,True,reno,0,0.893774,1862188,2377,7,1
redulink-redulink,14,B,redulink,8388608,833610,8388608,1285.737,1706.439,204.958,5.186815,52.194861,True,reno,0,0.893774,1862188,2377,7,1
raw-redulink,14,A,raw,833536,833536,833536,3261.228,3540.185,88.539,2.044717,2.044717,True,reno,0,0.899583,1866748,2466,17,2
raw-redulink,14,B,redulink,8388608,833610,8388608,1627.932,1861.855,132.609,4.096535,41.223383,True,reno,0,0.899583,1866748,2466,17,2
raw-raw,14,A,raw,833536,833536,833536,1394.036,1443.539,44.811,4.78344,4.78344,True,reno,0,0.932924,1860494,2397,12,3
raw-raw,14,B,raw,833536,833536,833536,2415.534,2465.806,45.463,2.760585,2.760585,True,reno,0,0.932924,1860494,2397,12,3
raw-redulink,15,A,raw,833536,833536,833536,3062.144,3341.287,88.381,2.177653,2.177653,True,reno,0,0.906617,1862163,2407,16,1
raw-redulink,15,B,redulink,8388608,833610,8388608,1574.311,1808.581,132.311,4.236063,42.62745,True,reno,0,0.906617,1862163,2407,16,1
raw-raw,15,A,raw,833536,833536,833536,1703.359,1753.792,44.968,3.914787,3.914787,True,reno,0,0.994955,1856855,2350,9,2
raw-raw,15,B,raw,833536,833536,833536,1476.905,1526.474,45.554,4.515042,4.515042,True,reno,0,0.994955,1856855,2350,9,2
redulink-redulink,15,A,redulink,8388608,833610,8388608,3066.996,3535.746,180.662,2.174401,21.880975,True,reno,0,0.834408,1863845,2400,10,3
redulink-redulink,15,B,redulink,8388608,833610,8388608,1176.567,1600.271,204.6,5.668084,57.03786,True,reno,0,0.834408,1863845,2400,10,3
raw-raw,16,A,raw,833536,833536,833536,1695.35,1745.898,45.493,3.933281,3.933281,True,reno,0,0.999528,1858262,2367,16,1
raw-raw,16,B,raw,833536,833536,833536,1623.248,1672.894,45.555,4.107991,4.107991,True,reno,0,0.999528,1858262,2367,16,1
redulink-redulink,16,A,redulink,8388608,833610,8388608,1379.218,1805.122,204.949,4.835262,48.657184,True,reno,0,0.93221,1863532,2392,12,2
redulink-redulink,16,B,redulink,8388608,833610,8388608,2397.735,2868.48,181.085,2.781325,27.988441,True,reno,0,0.93221,1863532,2392,12,2
raw-redulink,16,A,raw,833536,833536,833536,2436.361,2716.225,88.436,2.736987,2.736987,True,reno,0,0.997076,1865282,2448,16,3
raw-redulink,16,B,redulink,8388608,833610,8388608,2186.219,2420.437,133.141,3.050417,30.696314,True,reno,0,0.997076,1865282,2448,16,3
redulink-redulink,17,A,redulink,8388608,833610,8388608,3180.608,3645.987,181.46,2.096731,21.099382,True,reno,0,0.884992,1865789,2422,18,1
redulink-redulink,17,B,redulink,8388608,833610,8388608,1495.068,1915.408,205.375,4.460586,44.886831,True,reno,0,0.884992,1865789,2422,18,1
raw-redulink,17,A,raw,833536,833536,833536,2810.37,3089.769,88.451,2.372744,2.372744,True,reno,0,0.869747,1859767,2376,15,2
raw-redulink,17,B,redulink,8388608,833610,8388608,1242.221,1475.938,133.229,5.368513,54.023289,True,reno,0,0.869747,1859767,2376,15,2
raw-raw,17,A,raw,833536,833536,833536,1699.874,1750.655,45.407,3.922813,3.922813,True,reno,0,0.975637,1857943,2364,8,3
raw-raw,17,B,raw,833536,833536,833536,1235.945,1285.824,45.552,5.395295,5.395295,True,reno,0,0.975637,1857943,2364,8,3
raw-redulink,18,A,raw,833536,833536,833536,2197.898,2477.011,88.512,3.033939,3.033939,True,reno,0,0.938761,1859571,2373,7,1
raw-redulink,18,B,redulink,8388608,833610,8388608,1303.702,1538.196,132.145,5.115341,51.475616,True,reno,0,0.938761,1859571,2373,7,1
raw-raw,18,A,raw,833536,833536,833536,1720.055,1770.198,45.518,3.876788,3.876788,True,reno,0,0.999002,1862092,2416,12,2
raw-raw,18,B,raw,833536,833536,833536,1614.673,1665.589,45.464,4.129807,4.129807,True,reno,0,0.999002,1862092,2416,12,2
redulink-redulink,18,A,redulink,8388608,833610,8388608,2143.379,2608.09,182.171,3.111386,31.309845,True,reno,0,0.99938,1867086,2440,13,3
redulink-redulink,18,B,redulink,8388608,833610,8388608,2039.17,2458.811,206.16,3.270389,32.909892,True,reno,0,0.99938,1867086,2440,13,3
raw-raw,19,A,raw,833536,833536,833536,1848.722,2030.647,45.492,3.606972,3.606972,True,reno,0,0.987473,1865627,2461,14,1
raw-raw,19,B,raw,833536,833536,833536,1474.436,1655.338,44.443,4.522603,4.522603,True,reno,0,0.987473,1865627,2461,14,1
redulink-redulink,19,A,redulink,8388608,833610,8388608,2618.062,3084.514,182.025,2.547258,25.633031,True,reno,0,0.950515,1862195,2377,12,2
redulink-redulink,19,B,redulink,8388608,833610,8388608,1645.296,2066.28,206.357,4.053301,40.788323,True,reno,0,0.950515,1862195,2377,12,2
raw-redulink,19,A,raw,833536,833536,833536,2141.904,2424.915,89.097,3.113253,3.113253,True,reno,0,0.954462,1854015,2301,12,3
raw-redulink,19,B,redulink,8388608,833610,8388608,1374.067,1608.66,136.509,4.853388,48.839586,True,reno,0,0.954462,1854015,2301,12,3
redulink-redulink,20,A,redulink,8388608,833610,8388608,2705.321,3174.1,183.036,2.465097,24.806248,True,reno,0,0.99835,1874301,2536,19,1
redulink-redulink,20,B,redulink,8388608,833610,8388608,2934.59,3357.661,207.687,2.272508,22.868225,True,reno,0,0.99835,1874301,2536,19,1
raw-redulink,20,A,raw,833536,833536,833536,2573.076,2851.661,88.84,2.591563,2.591563,True,reno,0,0.888589,1860069,2380,9,2
raw-redulink,20,B,redulink,8388608,833610,8388608,1227.483,1460.89,133.094,5.432971,54.671929,True,reno,0,0.888589,1860069,2380,9,2
raw-raw,20,A,raw,833536,833536,833536,1601.198,1652.041,45.382,4.164562,4.164562,True,reno,0,0.999975,1859084,2377,15,3
raw-raw,20,B,raw,833536,833536,833536,1585.182,1635.095,45.586,4.206639,4.206639,True,reno,0,0.999975,1859084,2377,15,3
